City,Season,PM2.5,PM10,NO2,SO2,CO,O3,Temperature,Humidity,AQI
Mumbai,Winter,18.77,37.24,19.46,14.12,0.697,91.59,38.0,65.1,56.5
Delhi,Summer,120.4,251.72,29.8,6.05,2.407,57.63,29.3,47.4,127.7
Kolkata,Winter,52.67,133.85,30.28,5.32,1.263,64.68,33.2,68.6,90.9
Chennai,Winter,36.52,93.35,4.71,27.29,0.872,85.35,28.7,45.7,76.3
Chennai,Monsoon,6.78,30.22,17.33,2.89,1.599,61.18,14.0,19.4,24.0
Pune,Summer,6.78,20.63,13.27,1.28,1.998,37.47,21.1,33.6,26.3
Mumbai,Summer,2.39,22.71,51.11,8.78,0.61,38.79,33.4,60.4,20.9
Mumbai,Summer,80.45,197.64,24.95,34.84,0.645,55.96,29.3,37.4,108.3
Ahmedabad,Winter,36.76,74.22,19.01,4.75,0.488,17.74,37.4,58.7,69.2
Delhi,Summer,49.25,104.24,3.07,0.64,3.402,46.42,31.2,38.5,79.3
Delhi,Summer,1.0,5.0,23.26,4.14,1.195,77.41,20.3,44.4,16.6
Mumbai,Summer,140.14,363.05,3.12,7.05,0.1,5.0,21.6,77.1,135.3
Chennai,Monsoon,71.46,188.33,10.28,1.77,1.987,88.36,28.8,64.9,104.2
Chennai,Summer,9.55,23.29,3.85,10.73,0.655,78.06,9.5,59.8,37.6
Delhi,Winter,8.03,28.04,29.45,60.97,0.1,38.51,41.4,77.6,27.6
Chennai,Monsoon,8.1,32.24,5.77,6.01,0.798,63.58,31.5,69.6,30.8
Ahmedabad,Summer,14.51,26.57,12.43,4.38,0.54,50.08,37.8,88.9,28.9
Chennai,Summer,29.76,68.89,56.51,5.12,2.102,80.75,15.4,50.8,82.8
Bengaluru,Monsoon,22.62,68.61,5.71,1.22,0.228,74.57,38.0,51.4,58.1
Kolkata,Summer,13.77,24.85,17.72,21.48,1.751,15.0,45.9,34.0,36.6
Delhi,Winter,37.85,94.65,13.59,5.36,0.816,64.68,17.4,51.4,62.0
Pune,Winter,6.01,14.02,1.0,4.9,0.1,44.86,34.2,79.3,20.1
Ahmedabad,Summer,13.82,45.84,39.35,10.78,3.57,52.07,28.0,86.0,38.7
Hyderabad,Winter,18.25,54.92,1.79,5.83,0.719,31.8,15.6,79.2,305.3
Kolkata,Monsoon,24.36,61.46,16.07,10.45,0.344,93.7,31.9,24.1,58.4
Pune,Summer,61.52,137.27,20.56,0.63,0.634,76.0,34.7,81.7,97.7
Chennai,Monsoon,8.91,27.37,24.75,16.81,1.951,31.51,23.2,23.2,35.9
Hyderabad,Winter,28.88,73.66,29.17,28.22,0.364,16.63,37.3,78.0,62.7
Mumbai,Summer,35.9,76.31,7.3,10.46,0.214,40.36,14.7,52.6,70.6
Mumbai,Monsoon,1.9,20.17,1.0,30.91,0.138,60.86,16.0,74.1,16.1
Ahmedabad,Winter,37.41,62.43,32.13,1.64,0.354,56.01,29.1,33.4,66.8
Mumbai,Summer,7.48,25.99,19.18,6.49,1.514,81.33,28.2,83.4,34.1
Hyderabad,Post-Monsoon,2.69,16.8,45.22,9.21,0.638,69.75,22.3,30.7,22.1
Hyderabad,Winter,118.95,206.23,43.06,8.72,0.258,74.24,34.5,46.6,117.1
Kolkata,Winter,134.83,223.5,46.34,5.13,0.182,58.17,32.2,40.0,135.1
Delhi,Post-Monsoon,66.09,153.32,16.59,4.13,0.405,15.27,34.9,24.9,108.9
Bengaluru,Post-Monsoon,14.53,32.6,10.15,1.36,2.812,45.11,27.0,61.9,40.2
Mumbai,Monsoon,4.11,19.58,39.2,4.97,0.42,76.5,32.8,96.1,35.0
Ahmedabad,Winter,46.11,76.82,15.0,1.78,4.433,48.71,24.4,100.0,85.4
Mumbai,Post-Monsoon,23.2,37.51,5.07,13.26,0.664,62.58,44.4,61.9,48.7
Kolkata,Summer,5.21,22.8,48.27,2.34,0.197,42.03,21.5,82.3,22.2
Hyderabad,Winter,27.34,77.15,53.55,0.6,2.218,24.25,44.8,64.6,160.9
Chennai,Monsoon,1.4,5.0,15.7,8.04,0.617,46.92,28.3,70.0,6.4
Mumbai,Post-Monsoon,96.02,209.07,1.97,9.04,1.237,57.73,17.0,53.2,112.1
Delhi,Winter,11.98,41.68,12.27,20.55,4.117,33.61,38.9,63.9,34.0
Chennai,Winter,43.45,112.22,40.68,8.6,0.1,44.11,29.0,70.7,81.1
Kolkata,Post-Monsoon,14.94,36.0,58.01,4.24,0.102,26.51,34.8,48.4,52.4
Mumbai,Post-Monsoon,29.36,51.12,5.69,16.25,1.275,77.98,37.8,58.5,58.0
Chennai,Post-Monsoon,31.65,84.1,1.73,7.77,0.331,42.64,30.7,58.8,56.9
Mumbai,Winter,8.18,29.31,52.46,0.83,0.204,86.32,23.3,76.5,42.6
Ahmedabad,Post-Monsoon,139.71,338.55,12.33,8.34,0.1,88.22,35.8,38.7,133.7
Kolkata,Post-Monsoon,59.69,127.11,19.51,23.86,0.1,47.97,28.0,59.0,102.5
Bengaluru,Winter,112.2,281.26,86.1,5.05,1.489,24.79,33.5,98.2,124.5
Hyderabad,Winter,90.09,212.32,1.72,3.51,0.144,5.0,10.8,83.3,99.5
Pune,Monsoon,36.44,101.64,26.13,1.55,0.631,13.2,31.6,87.0,68.6
Hyderabad,Summer,101.98,206.85,1.92,1.64,0.931,15.65,22.9,60.5,108.6
Hyderabad,Winter,3.71,20.02,11.77,5.67,0.559,84.46,41.2,66.4,15.0
Chennai,Summer,8.73,25.33,40.72,9.06,0.1,52.9,33.0,80.0,37.1
Kolkata,Monsoon,1.85,12.21,14.21,0.84,1.53,59.74,29.9,91.2,15.1
Mumbai,Monsoon,15.74,35.67,146.8,28.06,0.1,5.0,31.9,21.0,49.0
Pune,Post-Monsoon,19.69,61.14,20.47,14.07,1.435,20.05,20.0,33.7,41.6
Chennai,Monsoon,12.66,41.07,9.68,8.83,2.238,72.18,41.0,86.2,37.1
Pune,Post-Monsoon,70.58,169.2,6.22,17.63,0.567,57.17,43.9,54.5,100.7
Bengaluru,Post-Monsoon,17.65,59.81,10.79,0.84,0.767,46.32,31.1,46.6,52.9
Ahmedabad,Winter,13.19,36.84,11.65,6.48,0.648,64.12,40.7,34.9,40.5
Kolkata,Winter,31.3,76.27,1.78,9.95,0.493,90.89,23.4,48.9,58.0
Chennai,Summer,6.08,18.43,11.53,17.64,2.184,44.47,21.6,32.0,22.9
Hyderabad,Post-Monsoon,64.82,120.13,15.6,15.3,2.244,51.73,28.3,100.0,99.7
Delhi,Post-Monsoon,3.1,16.31,32.07,3.24,0.409,54.81,31.5,59.6,21.1
Chennai,Summer,173.37,312.65,26.73,28.28,0.955,109.8,24.8,58.8,150.9
Delhi,Post-Monsoon,59.18,120.9,30.84,1.33,2.616,5.0,32.3,71.8,105.3
Hyderabad,Monsoon,8.86,22.02,1.0,20.81,3.272,67.08,30.5,79.2,28.9
Ahmedabad,Post-Monsoon,1.0,20.91,6.14,35.38,0.711,47.13,20.0,78.9,24.9
Kolkata,Post-Monsoon,67.6,118.0,27.09,1.95,0.603,64.17,32.2,81.5,109.1
Mumbai,Post-Monsoon,49.08,129.87,16.54,12.8,0.327,33.57,34.9,47.4,82.9
Chennai,Winter,52.23,117.09,1.0,0.5,3.191,48.78,29.4,54.0,101.8
Hyderabad,Monsoon,59.01,121.53,40.8,5.2,0.154,67.79,37.2,75.4,106.2
Chennai,Post-Monsoon,3.08,20.97,37.05,7.26,0.867,127.82,18.3,49.5,24.5
Bengaluru,Monsoon,17.76,42.93,19.88,8.69,0.332,70.2,31.7,59.9,55.2
Ahmedabad,Monsoon,4.93,17.84,1.72,27.48,0.327,28.8,18.6,68.0,25.4
Bengaluru,Monsoon,79.54,188.64,36.37,11.16,0.519,39.41,19.1,75.7,108.0
Pune,Summer,39.05,77.22,21.91,6.56,6.72,38.66,23.0,24.4,73.7
Kolkata,Post-Monsoon,16.07,39.15,38.08,16.59,0.1,5.11,20.5,74.3,42.4
Pune,Winter,2.63,14.23,34.83,30.06,0.864,41.75,23.6,55.3,21.6
Chennai,Winter,14.9,41.65,40.61,0.5,0.1,68.32,26.3,74.1,53.4
Kolkata,Winter,15.73,43.07,18.25,40.47,0.168,18.14,34.7,75.5,42.9
Ahmedabad,Winter,52.32,130.88,3.78,0.9,0.579,76.21,25.4,92.2,92.7
Ahmedabad,Post-Monsoon,40.6,72.34,27.8,16.84,0.714,62.19,15.3,87.1,85.9
Hyderabad,Winter,87.29,227.58,24.22,3.29,0.299,31.64,37.1,86.9,106.0
Chennai,Monsoon,25.56,61.33,33.89,1.42,0.38,46.46,21.3,88.9,62.8
Pune,Summer,5.09,22.05,4.65,5.8,0.1,89.96,27.5,65.8,19.0
Bengaluru,Winter,49.97,119.67,5.42,10.33,0.361,68.34,31.6,60.6,90.5
Mumbai,Monsoon,57.22,125.28,55.28,4.8,3.398,50.22,29.6,77.5,106.5
Delhi,Winter,32.96,78.47,34.66,0.56,2.895,44.06,36.8,74.6,67.9
Mumbai,Post-Monsoon,58.96,111.1,59.71,9.15,0.408,51.92,31.8,53.8,105.3
Pune,Monsoon,27.23,60.58,35.54,23.27,0.846,37.21,21.1,68.1,66.3
Pune,Post-Monsoon,29.59,66.84,22.73,4.83,2.403,5.0,45.4,59.3,54.9
Ahmedabad,Winter,22.31,60.58,26.54,2.44,0.1,101.05,29.6,42.9,52.4
Mumbai,Monsoon,1.03,15.25,54.98,5.84,1.664,53.88,26.8,85.8,34.4
Ahmedabad,Monsoon,4.57,20.08,21.62,0.5,2.964,59.95,35.7,61.1,26.4
Ahmedabad,Monsoon,1.28,12.96,25.02,17.18,0.1,48.55,30.0,100.0,3.7
Bengaluru,Winter,40.47,108.16,4.25,17.51,0.176,31.62,31.2,27.5,68.4
Kolkata,Summer,15.1,47.68,16.06,8.87,3.238,45.35,47.9,48.9,33.4
Delhi,Summer,28.42,77.51,31.5,4.36,0.771,10.02,25.8,60.7,53.5
Mumbai,Post-Monsoon,95.25,248.48,7.9,16.08,0.1,106.93,25.5,82.7,96.8
Kolkata,Summer,11.47,35.79,5.65,8.09,0.298,19.14,28.9,68.0,30.6
Hyderabad,Winter,21.13,45.04,9.42,17.48,0.598,24.2,36.6,66.2,40.2
Mumbai,Monsoon,56.35,142.95,6.91,9.98,1.181,38.99,15.9,37.5,96.0
Kolkata,Monsoon,10.39,39.41,6.05,15.34,1.321,82.2,12.3,36.9,25.8
Ahmedabad,Winter,3.2,14.71,13.83,9.13,5.386,50.36,23.3,66.5,17.7
Pune,Monsoon,13.69,31.08,59.61,5.35,0.339,19.1,14.9,32.7,43.5
Bengaluru,Summer,7.03,19.09,17.68,31.69,0.773,81.36,24.6,49.4,34.9
Delhi,Post-Monsoon,106.2,199.55,5.2,7.79,0.762,68.28,32.0,70.0,119.8
Kolkata,Winter,66.04,144.4,2.0,9.29,0.52,63.46,20.9,40.4,103.2
Pune,Monsoon,40.14,89.01,29.78,2.49,0.185,67.89,16.6,92.1,76.6
Mumbai,Winter,82.06,178.17,12.06,9.83,3.792,109.86,28.6,84.5,121.2
Kolkata,Summer,65.12,117.84,43.13,8.48,1.919,104.63,34.9,28.6,102.8
Chennai,Monsoon,8.26,32.37,26.93,2.04,0.69,32.83,14.4,41.4,21.5
Pune,Monsoon,89.23,166.35,39.77,0.61,0.924,90.6,34.6,14.3,115.4
Hyderabad,Monsoon,31.0,58.69,7.93,9.27,0.258,59.58,34.5,44.3,71.8
Pune,Monsoon,65.89,165.45,29.47,14.43,0.785,62.48,35.6,75.3,103.4
Delhi,Winter,90.57,227.8,7.67,7.41,1.187,7.69,37.7,51.7,103.2
Hyderabad,Summer,15.31,54.24,69.95,2.57,0.724,45.74,45.6,69.2,310.2
Bengaluru,Summer,4.66,19.16,25.29,10.98,4.634,29.68,25.2,29.6,25.7
Delhi,Post-Monsoon,10.35,38.39,9.81,0.83,0.945,70.7,28.9,76.0,38.3
Mumbai,Winter,22.28,63.3,7.85,5.83,0.464,76.78,24.7,48.9,54.9
Hyderabad,Summer,68.15,123.15,5.3,1.78,1.479,5.0,28.0,60.2,93.5
Kolkata,Winter,78.85,158.33,29.66,2.04,0.187,49.45,40.3,58.1,103.7
Chennai,Winter,1.0,13.89,6.17,2.26,0.485,78.05,17.2,34.6,8.5
Delhi,Summer,28.6,60.2,22.62,4.89,0.426,45.33,21.1,36.9,59.7
Chennai,Post-Monsoon,21.61,53.53,7.68,0.53,0.565,68.23,39.0,79.4,44.0
Mumbai,Post-Monsoon,10.05,31.67,27.12,5.07,1.522,58.78,36.2,68.0,29.5
Mumbai,Post-Monsoon,5.11,12.18,42.18,7.17,0.662,58.54,25.1,81.0,23.3
Bengaluru,Monsoon,16.48,44.28,37.63,6.6,1.58,43.22,34.8,66.5,44.8
Mumbai,Summer,114.52,257.71,35.77,4.83,0.859,19.59,30.7,62.9,114.8
Pune,Monsoon,15.62,35.62,5.2,18.27,0.419,21.96,40.0,25.5,40.2
Pune,Monsoon,29.26,80.21,2.31,1.57,1.661,67.73,28.6,54.6,59.0
Bengaluru,Monsoon,48.56,105.6,30.01,7.05,0.272,50.49,36.2,59.5,88.0
Pune,Winter,18.08,48.74,11.49,0.64,0.254,46.54,48.0,99.1,44.8
Kolkata,Winter,142.71,306.24,14.16,0.74,0.702,39.4,32.8,73.7,118.6
Ahmedabad,Summer,131.28,319.54,1.0,8.53,0.302,42.37,28.4,90.7,118.1
Chennai,Summer,11.6,24.71,7.51,8.35,0.1,76.17,33.8,72.0,36.9
Chennai,Winter,27.51,70.54,1.0,21.04,1.045,41.62,25.1,45.8,46.4
Kolkata,Winter,14.32,49.27,52.84,8.16,0.716,16.47,47.1,62.3,49.9
Ahmedabad,Monsoon,13.41,28.69,6.97,32.14,0.59,68.59,29.4,64.7,34.6
Hyderabad,Post-Monsoon,1.5,10.19,20.37,0.5,3.41,44.88,25.8,41.2,15.0
Bengaluru,Post-Monsoon,37.62,99.0,1.0,1.03,0.847,50.78,21.3,52.3,74.0
Bengaluru,Post-Monsoon,27.94,71.21,27.48,0.5,1.991,90.19,36.8,55.9,68.2
Mumbai,Post-Monsoon,2.11,16.72,9.75,2.05,0.15,49.49,34.9,92.1,15.1
Chennai,Post-Monsoon,13.07,43.37,57.05,7.79,0.842,57.23,24.0,18.4,45.6
Chennai,Monsoon,95.55,224.19,54.76,10.37,2.025,20.53,32.6,84.1,120.7
Mumbai,Summer,10.95,41.15,9.84,0.5,0.875,44.51,15.9,41.3,36.4
Hyderabad,Winter,6.26,25.81,57.81,29.18,1.266,65.24,29.5,32.6,29.1
Delhi,Monsoon,26.89,67.42,139.04,18.46,0.465,11.12,31.6,83.6,68.0
Chennai,Post-Monsoon,169.76,373.02,43.63,3.52,0.1,55.02,41.7,74.6,138.2
Chennai,Winter,11.09,44.47,46.59,0.8,0.612,52.52,21.8,85.1,41.5
Delhi,Monsoon,44.61,83.32,7.16,1.86,0.502,51.03,17.8,76.0,79.1
Mumbai,Post-Monsoon,57.36,141.68,21.49,1.36,2.018,75.93,20.8,100.0,107.6
Delhi,Monsoon,10.85,41.28,1.74,1.32,0.28,58.36,17.3,71.2,33.8
Chennai,Winter,52.11,89.09,2.49,7.31,3.403,86.95,38.7,56.9,100.5
Mumbai,Summer,18.34,41.79,170.14,2.82,3.173,25.16,40.4,66.9,61.3
Delhi,Post-Monsoon,40.02,79.42,9.89,4.43,0.285,53.4,30.6,84.9,79.0
Hyderabad,Winter,40.15,81.01,34.48,45.57,0.428,52.11,37.8,44.4,75.5
Mumbai,Winter,30.7,78.41,41.08,11.53,2.259,23.27,29.1,47.0,68.6
Chennai,Summer,3.79,17.95,48.8,29.76,3.4,73.91,27.2,53.8,19.1
Kolkata,Monsoon,72.15,178.18,151.1,1.54,0.586,108.12,25.3,17.9,127.4
Bengaluru,Summer,15.47,49.63,6.91,4.81,0.387,49.57,25.5,62.8,30.1
Chennai,Summer,8.26,24.4,1.03,8.09,0.747,62.63,15.6,22.3,24.6
Pune,Monsoon,1.67,15.07,13.24,0.8,1.164,52.11,30.1,61.1,17.6
Bengaluru,Monsoon,35.75,72.59,3.48,0.5,0.319,32.16,27.7,77.3,61.6
Chennai,Monsoon,45.27,109.54,1.0,11.1,1.334,5.0,34.0,50.5,71.0
Bengaluru,Winter,1.0,15.56,11.17,10.27,0.1,32.36,28.7,93.5,17.5
Ahmedabad,Winter,28.71,66.52,38.28,5.29,0.1,15.2,26.7,30.8,59.4
Chennai,Post-Monsoon,10.27,33.51,20.88,6.73,0.488,92.6,21.0,83.8,34.4
Mumbai,Post-Monsoon,41.44,95.76,9.38,5.37,0.436,47.12,28.6,73.5,75.1
Mumbai,Summer,7.66,29.68,26.56,0.5,0.379,41.35,33.9,25.7,40.6
Ahmedabad,Summer,46.97,118.92,6.6,4.09,0.675,72.23,18.9,100.0,90.3
Hyderabad,Post-Monsoon,19.56,50.62,1.0,1.95,0.387,21.96,28.7,58.7,47.9
Ahmedabad,Summer,110.41,258.53,36.14,1.04,0.214,30.83,29.9,42.5,119.0
Ahmedabad,Monsoon,5.92,20.33,24.44,31.4,0.37,51.7,22.3,31.9,24.3
Bengaluru,Winter,16.69,51.0,35.92,9.15,3.685,75.72,23.3,55.6,38.7
Delhi,Post-Monsoon,4.82,17.36,1.0,13.04,0.53,62.54,29.8,57.5,13.8
Mumbai,Winter,103.45,234.61,45.37,3.79,0.588,56.21,18.9,62.1,116.1
Delhi,Post-Monsoon,83.93,206.05,24.16,4.99,0.859,51.95,30.8,54.0,98.9
Ahmedabad,Winter,11.93,23.85,20.72,2.7,4.095,60.01,20.8,72.7,34.5
Hyderabad,Post-Monsoon,43.15,109.83,24.5,1.02,0.277,55.04,36.5,52.2,70.9
Mumbai,Winter,67.98,163.48,49.96,1.97,1.143,24.25,46.7,21.3,106.1
Chennai,Monsoon,32.41,69.36,22.1,15.97,1.259,51.15,21.1,57.0,69.0
Chennai,Post-Monsoon,30.17,63.81,21.74,11.32,0.935,23.16,32.3,12.7,65.2
Chennai,Post-Monsoon,11.08,33.61,116.89,7.92,0.1,52.03,22.2,67.1,54.5
Bengaluru,Post-Monsoon,3.91,16.48,35.34,6.45,1.13,37.98,36.3,40.4,15.0
Pune,Monsoon,91.0,205.3,14.6,25.57,0.1,113.48,17.9,63.3,103.3
Ahmedabad,Winter,92.27,175.68,30.72,0.76,0.907,49.0,31.8,86.3,103.1
Pune,Post-Monsoon,40.11,96.25,12.33,3.29,1.345,14.89,21.0,41.0,65.2
Kolkata,Winter,16.56,40.48,6.5,4.31,0.237,46.65,26.3,81.2,36.6
Bengaluru,Monsoon,17.18,53.25,22.71,15.25,1.843,62.98,19.8,51.3,46.1
Chennai,Summer,51.78,139.02,65.84,48.95,0.1,91.83,34.6,95.1,99.2
Mumbai,Post-Monsoon,90.96,239.58,66.18,2.75,1.857,35.26,21.3,52.7,119.6
Bengaluru,Monsoon,87.25,192.76,10.46,20.74,0.617,10.44,32.4,43.2,102.3
Mumbai,Winter,60.54,112.08,18.75,17.76,0.245,70.42,25.2,73.7,101.2
Delhi,Post-Monsoon,41.09,99.53,5.94,2.54,0.144,15.49,27.1,51.3,76.9
Delhi,Winter,3.52,6.21,135.83,5.1,3.064,39.1,29.2,43.2,28.9
Mumbai,Summer,7.05,23.29,99.24,5.27,0.1,43.56,21.9,50.4,42.9
Chennai,Post-Monsoon,91.53,183.78,26.21,38.27,0.222,48.26,29.7,59.1,110.4
Pune,Post-Monsoon,37.3,83.49,40.79,2.0,0.427,67.23,40.2,86.8,74.5
Ahmedabad,Winter,1.0,17.03,31.39,16.05,0.968,32.91,21.8,21.3,22.8
Bengaluru,Post-Monsoon,4.28,27.41,22.48,4.07,0.787,43.16,37.4,60.5,27.5
Bengaluru,Monsoon,43.57,101.35,1.37,13.13,0.134,49.64,40.0,72.5,71.8
Chennai,Monsoon,1.0,19.97,15.16,5.45,0.342,53.74,21.5,63.9,17.2
Ahmedabad,Summer,7.01,31.22,28.08,8.64,0.273,52.45,16.4,86.2,28.3
Delhi,Monsoon,31.83,71.68,28.29,17.87,0.24,60.9,30.4,58.5,64.2
Pune,Summer,47.09,93.89,11.68,16.3,0.53,71.1,23.6,56.3,88.5
Ahmedabad,Winter,42.22,79.0,71.05,20.13,1.218,59.82,42.9,71.8,90.9
Delhi,Winter,10.16,29.09,4.58,0.61,0.245,61.34,28.3,62.0,40.1
Ahmedabad,Summer,49.82,130.14,17.35,11.78,0.457,10.44,21.6,52.2,78.4
Kolkata,Monsoon,10.83,27.76,29.35,1.51,0.496,51.26,18.8,70.3,36.1
Bengaluru,Monsoon,15.75,35.53,29.86,5.38,3.749,61.99,36.7,46.9,42.8
Kolkata,Summer,54.89,132.45,26.15,7.95,3.094,68.22,23.4,47.8,103.9
Ahmedabad,Summer,41.95,100.6,8.05,5.15,1.61,32.69,28.4,49.4,66.8
Bengaluru,Winter,75.68,152.67,4.25,7.33,0.277,33.52,35.6,87.1,102.0
Pune,Summer,42.87,111.96,25.26,56.63,0.1,35.65,24.1,10.0,75.8
Chennai,Monsoon,33.6,66.45,22.86,1.45,0.381,63.41,27.6,67.9,63.3
Kolkata,Summer,3.93,13.89,4.94,11.25,0.31,75.85,27.9,60.7,9.4
Chennai,Summer,18.34,48.21,30.53,5.04,0.705,39.81,33.5,26.4,45.2
Delhi,Summer,12.33,30.6,15.18,1.43,1.504,72.7,32.7,66.2,45.4
Delhi,Winter,11.19,33.74,27.55,1.73,1.954,53.09,26.2,69.5,38.0
Hyderabad,Summer,144.49,282.04,45.41,29.81,1.863,46.89,28.5,71.8,134.3
Delhi,Post-Monsoon,19.98,41.98,4.65,21.17,0.446,44.72,25.0,10.0,53.3
Delhi,Post-Monsoon,89.04,224.15,1.0,23.76,1.162,68.67,16.2,87.3,108.2
Bengaluru,Post-Monsoon,39.89,85.75,37.75,47.72,0.375,58.14,30.1,45.2,76.0
Pune,Monsoon,63.35,154.15,23.52,2.34,0.1,106.9,43.1,73.7,314.8
Delhi,Monsoon,27.94,62.13,30.07,4.39,1.209,28.69,20.9,74.8,56.3
Mumbai,Summer,34.41,69.35,45.53,11.06,0.1,62.95,21.8,42.5,69.6
Pune,Post-Monsoon,27.13,44.25,40.59,6.61,0.526,36.77,21.0,73.2,52.6
Mumbai,Winter,8.69,27.15,81.05,5.42,0.4,28.27,33.8,52.3,44.6
Mumbai,Post-Monsoon,51.27,102.04,19.19,4.43,1.182,49.73,31.6,18.6,89.9
Chennai,Post-Monsoon,13.18,42.77,16.76,9.01,1.453,53.43,26.7,83.4,40.8
Ahmedabad,Monsoon,1.0,18.68,12.85,8.57,0.363,122.95,20.7,44.5,17.0
Mumbai,Monsoon,41.48,103.0,4.17,1.76,1.669,45.4,28.7,42.9,76.6
Chennai,Winter,7.8,23.72,21.25,6.38,0.348,21.75,15.5,51.9,21.5
Delhi,Monsoon,112.84,276.48,8.11,8.06,0.591,56.83,29.1,65.4,113.7
Mumbai,Winter,123.1,293.61,63.56,8.45,1.298,5.0,35.0,58.9,129.2
Ahmedabad,Monsoon,98.54,234.84,21.88,2.36,1.181,47.7,18.0,71.0,116.2
Hyderabad,Post-Monsoon,18.49,49.6,22.46,13.56,4.372,50.4,15.7,33.2,48.8
Kolkata,Post-Monsoon,1.0,10.67,10.96,0.5,0.255,69.87,40.6,45.2,4.5
Chennai,Winter,105.42,230.17,1.33,4.38,1.086,74.34,23.1,57.7,127.4
Hyderabad,Winter,22.36,51.85,1.0,15.15,0.941,37.41,37.1,98.0,55.7
Chennai,Monsoon,136.03,218.58,13.76,8.3,2.466,46.23,26.8,57.7,126.5
Kolkata,Monsoon,132.55,340.39,2.21,3.03,0.17,30.85,26.7,81.7,115.0
Ahmedabad,Winter,76.7,172.03,23.34,11.87,1.394,21.8,31.5,60.8,103.3
Pune,Winter,13.95,38.5,53.21,8.38,0.84,57.75,20.9,50.3,135.0
Kolkata,Post-Monsoon,19.45,40.98,53.62,15.91,0.321,18.16,29.1,55.1,147.7
Bengaluru,Post-Monsoon,76.19,124.21,26.9,13.28,0.643,39.63,24.9,56.6,106.7
Hyderabad,Winter,15.25,26.86,5.93,9.42,0.406,25.12,17.4,72.1,33.9
Mumbai,Post-Monsoon,7.43,27.57,49.69,6.7,0.866,63.74,30.7,87.5,30.8
Delhi,Summer,32.55,75.37,54.31,1.43,2.198,95.04,25.9,67.2,80.5
Bengaluru,Monsoon,110.05,189.24,5.47,3.03,0.842,17.46,26.7,83.7,118.3
Mumbai,Post-Monsoon,47.63,109.34,33.43,5.43,0.999,5.0,18.3,40.7,93.3
Mumbai,Summer,33.76,60.4,8.44,9.15,0.731,46.88,40.7,51.7,67.2
Chennai,Winter,4.09,19.25,40.57,7.21,0.1,50.39,35.0,45.5,20.9
Kolkata,Post-Monsoon,38.18,85.6,147.29,3.4,0.265,55.47,35.7,66.3,74.6
Pune,Winter,184.42,438.21,1.0,0.5,0.677,38.84,25.6,52.8,194.3
Hyderabad,Monsoon,6.04,19.59,56.91,6.86,0.371,44.98,14.2,74.6,29.5
Mumbai,Winter,29.22,62.68,24.36,3.36,0.201,59.19,43.6,41.4,62.0
Chennai,Summer,83.94,126.13,90.65,13.27,0.701,76.01,27.5,60.9,123.7
Hyderabad,Winter,54.0,91.32,15.64,0.5,0.39,5.0,22.0,73.7,84.8
Kolkata,Summer,47.76,99.34,47.0,8.79,0.299,40.78,31.3,18.7,93.6
Pune,Post-Monsoon,48.49,101.07,1.61,28.38,0.624,55.35,37.3,100.0,87.7
Bengaluru,Post-Monsoon,17.82,46.77,10.21,1.92,0.143,27.05,27.8,54.3,45.3
Kolkata,Summer,13.9,35.29,1.73,6.38,2.628,93.28,38.2,19.5,46.2
Delhi,Monsoon,66.29,154.39,92.57,0.96,2.023,34.11,36.7,63.2,325.0
Kolkata,Monsoon,66.45,163.59,42.45,9.83,1.23,48.97,19.4,60.7,104.2
Mumbai,Monsoon,80.72,194.87,47.86,8.0,0.112,63.9,22.6,58.4,111.9
Pune,Post-Monsoon,97.78,162.76,69.5,5.23,1.496,35.22,35.7,79.8,121.0
Kolkata,Post-Monsoon,28.64,61.28,2.22,7.37,1.65,5.0,6.3,74.9,53.6
Mumbai,Monsoon,27.85,61.75,12.18,22.69,1.46,39.28,26.8,66.0,61.4
Mumbai,Winter,64.04,121.06,1.84,2.19,0.121,75.74,16.6,69.0,102.6
Pune,Monsoon,41.99,114.51,5.92,0.5,1.033,41.58,24.2,57.9,85.3
Kolkata,Winter,48.42,93.07,6.51,19.78,1.798,28.84,25.6,95.5,95.0
Kolkata,Monsoon,63.54,138.18,15.83,8.61,0.861,73.14,25.1,30.4,102.4
Chennai,Winter,88.29,201.78,7.82,22.13,1.04,41.73,23.6,62.8,86.7
Hyderabad,Post-Monsoon,16.5,47.77,2.66,9.09,0.613,37.25,19.2,61.3,45.9
Chennai,Monsoon,18.84,45.74,4.58,16.62,0.752,53.74,46.3,76.3,41.7
Kolkata,Monsoon,3.95,17.77,3.98,5.62,0.1,69.27,42.9,43.1,11.9
Bengaluru,Summer,34.54,67.36,90.37,13.86,1.019,109.54,18.7,25.1,83.6
Kolkata,Monsoon,1.46,13.5,35.6,24.42,0.1,70.68,40.7,63.1,17.3
Delhi,Winter,25.06,49.63,85.86,8.49,0.571,79.0,24.8,65.6,73.2
Mumbai,Summer,31.29,66.87,14.48,1.99,0.346,37.35,29.0,89.8,52.7
Ahmedabad,Monsoon,13.51,30.06,8.16,3.13,0.788,24.35,27.5,34.6,30.7
Kolkata,Monsoon,35.75,57.02,40.02,2.21,0.143,51.56,22.7,83.1,74.2
Delhi,Post-Monsoon,1.24,9.61,9.87,2.84,1.176,52.68,35.9,100.0,14.9
Delhi,Summer,1.52,12.95,8.89,3.66,1.585,23.04,29.0,52.4,14.6
Hyderabad,Winter,69.17,153.82,6.62,8.1,0.178,45.62,24.2,34.2,95.7
Pune,Monsoon,17.86,43.97,3.47,8.87,0.11,59.98,17.6,51.9,38.2
Kolkata,Post-Monsoon,5.44,28.83,7.41,5.56,0.157,59.01,20.9,60.3,19.4
Pune,Monsoon,29.55,55.9,10.98,9.56,2.097,62.61,14.9,71.3,61.6
Bengaluru,Summer,58.79,112.87,28.02,0.85,0.751,57.27,28.1,48.2,109.0
Ahmedabad,Winter,9.72,27.74,1.62,0.92,0.63,37.32,18.4,91.1,17.5
Delhi,Post-Monsoon,39.01,90.11,5.91,1.89,0.113,37.15,25.9,37.7,68.6
Mumbai,Monsoon,3.57,26.75,41.39,7.3,1.049,20.03,39.0,25.2,18.0
Mumbai,Winter,2.12,7.28,3.97,2.41,2.025,94.62,37.6,82.1,5.9
Pune,Monsoon,30.32,88.45,10.49,3.33,1.761,50.34,27.7,14.5,65.1
Delhi,Monsoon,31.12,63.29,50.0,5.11,0.984,44.38,27.3,55.9,70.6
Hyderabad,Summer,40.58,89.49,4.21,16.71,0.1,26.78,43.0,100.0,73.2
Pune,Summer,51.8,131.39,2.16,0.5,0.119,123.39,32.2,59.8,99.0
Ahmedabad,Monsoon,148.94,361.89,16.57,10.48,0.1,23.17,25.4,37.6,129.0
Pune,Post-Monsoon,29.05,75.77,9.0,11.05,0.298,39.28,16.6,58.9,54.6
Delhi,Summer,15.6,47.21,20.72,16.03,0.146,60.4,31.2,59.0,54.5
Kolkata,Summer,63.43,126.0,40.72,26.99,0.301,65.01,34.6,63.2,104.5
Hyderabad,Summer,12.63,43.3,3.69,0.5,0.486,73.95,22.9,73.2,41.4
Delhi,Summer,23.12,50.5,21.73,1.67,2.864,95.19,30.3,39.2,57.2
Hyderabad,Winter,3.27,9.08,17.61,21.73,0.943,62.65,25.1,93.8,7.4
Chennai,Monsoon,1.03,18.62,3.89,6.13,1.802,23.6,26.5,64.9,3.5
Chennai,Winter,131.5,306.4,24.45,8.31,1.239,43.58,8.1,74.5,119.8
Mumbai,Winter,72.31,156.34,7.99,10.88,0.119,57.7,26.2,47.4,107.0
Hyderabad,Monsoon,47.63,117.72,16.73,11.37,1.332,101.71,35.8,85.7,93.9
Ahmedabad,Summer,21.03,47.17,2.15,26.84,0.322,15.05,22.9,54.9,48.1
Pune,Post-Monsoon,7.61,24.93,15.39,57.92,1.019,80.06,28.4,65.6,23.5
Chennai,Summer,6.8,15.23,9.15,12.74,0.417,54.5,22.0,41.3,31.1
Pune,Summer,11.52,26.9,43.2,3.39,6.063,70.95,30.9,40.1,40.5
Pune,Summer,31.87,64.14,1.47,21.18,0.306,47.45,26.3,73.8,60.6
Ahmedabad,Summer,50.15,97.13,13.56,0.5,0.327,28.94,20.5,51.1,87.1
Delhi,Post-Monsoon,43.18,118.95,15.33,2.63,2.669,68.77,38.7,42.9,80.5
Pune,Winter,13.14,39.56,32.28,22.77,0.1,66.36,35.4,47.1,49.7
Hyderabad,Post-Monsoon,123.92,314.01,21.35,2.96,1.193,74.3,23.2,74.0,118.5
Ahmedabad,Monsoon,53.56,107.34,27.51,2.49,1.292,49.67,32.0,47.4,90.1
Chennai,Summer,32.33,55.96,37.52,1.49,1.81,35.0,32.3,57.6,66.8
Kolkata,Post-Monsoon,37.84,92.62,49.55,19.6,3.667,11.03,33.1,60.3,74.1
Pune,Monsoon,21.76,61.8,9.42,6.93,3.713,70.48,14.4,21.7,68.6
Mumbai,Post-Monsoon,11.39,40.83,19.31,11.24,0.1,60.6,36.1,30.6,40.1
Ahmedabad,Summer,17.6,40.0,45.83,2.73,1.725,25.86,23.4,66.7,46.9
Delhi,Summer,56.73,132.93,113.79,14.19,1.039,36.54,25.1,45.3,109.6
Bengaluru,Monsoon,1.0,11.6,55.07,14.27,1.042,38.33,48.0,81.1,10.9
Chennai,Post-Monsoon,4.94,23.72,11.61,3.75,0.137,12.93,30.4,79.3,11.3
Chennai,Summer,1.88,10.61,5.43,5.29,1.05,29.56,24.9,74.4,10.2
Bengaluru,Monsoon,1.66,15.7,16.8,2.35,4.045,21.65,10.4,96.4,22.7
Hyderabad,Post-Monsoon,77.37,139.12,33.84,37.53,2.428,39.69,39.1,58.3,113.6
Kolkata,Post-Monsoon,48.65,116.0,16.96,10.37,0.578,31.53,17.2,73.0,87.0
Chennai,Monsoon,25.71,53.15,16.5,27.26,0.1,9.32,20.0,48.3,50.0
Chennai,Post-Monsoon,4.12,16.34,45.54,3.62,0.45,100.56,25.3,100.0,28.0
Delhi,Post-Monsoon,27.06,55.38,11.21,15.23,1.751,81.31,39.3,99.7,56.0
Chennai,Summer,25.66,59.81,49.12,14.52,1.209,30.52,34.2,60.2,68.5
Ahmedabad,Summer,7.61,27.58,13.06,11.77,0.615,56.81,26.7,67.7,25.1
Hyderabad,Summer,22.76,58.83,9.95,33.71,0.1,60.44,30.5,87.2,50.1
Kolkata,Monsoon,20.33,54.31,15.13,5.0,0.557,79.78,23.2,57.1,298.0
Mumbai,Winter,38.27,91.68,35.93,1.4,0.633,29.53,29.1,46.9,73.0
Kolkata,Post-Monsoon,40.32,87.24,3.37,11.14,2.639,77.3,28.6,77.5,79.7
Hyderabad,Monsoon,1.85,11.99,5.47,13.07,1.025,36.3,35.8,61.6,5.6
Ahmedabad,Winter,18.78,60.19,75.63,8.56,0.373,16.6,35.7,63.7,51.5
Hyderabad,Winter,39.32,68.9,4.82,2.32,0.745,68.1,32.0,43.3,76.6
Delhi,Monsoon,27.98,82.09,20.97,7.02,0.1,82.27,25.1,25.6,53.4
Mumbai,Winter,77.65,173.27,21.65,3.74,3.596,114.7,33.9,64.7,117.2
Kolkata,Summer,43.0,92.82,16.82,5.58,0.446,20.01,27.3,78.1,73.9
Pune,Monsoon,7.11,28.07,25.87,10.36,0.65,67.47,19.3,55.5,26.1
Kolkata,Post-Monsoon,2.93,7.96,6.53,13.67,0.439,39.75,24.8,88.7,6.1
Delhi,Summer,41.14,102.0,20.11,2.64,1.147,69.58,28.7,45.9,80.4
Mumbai,Post-Monsoon,1.07,6.61,11.64,5.2,1.085,13.24,35.3,38.9,19.7
Ahmedabad,Winter,35.25,78.46,27.09,3.14,1.256,18.43,26.5,58.7,70.8
Hyderabad,Summer,112.69,218.89,3.81,2.21,0.312,30.6,18.3,58.3,107.2
Hyderabad,Post-Monsoon,34.27,92.86,21.15,15.3,0.379,51.97,28.5,75.4,72.3
Ahmedabad,Monsoon,19.65,60.6,5.12,24.0,0.134,33.97,28.9,44.5,42.1
Mumbai,Winter,41.23,83.04,8.17,4.62,1.066,66.48,29.5,87.4,83.0
Ahmedabad,Post-Monsoon,24.52,53.05,6.17,13.91,0.1,75.67,35.4,99.3,57.2
Chennai,Winter,31.55,74.54,5.05,22.73,0.911,64.99,36.2,59.2,46.7
Kolkata,Post-Monsoon,113.53,259.58,43.68,18.72,2.038,90.47,23.2,85.0,119.6
Delhi,Monsoon,19.52,38.74,8.41,2.02,2.215,60.4,23.1,38.9,51.9
Ahmedabad,Summer,129.96,297.14,65.47,31.3,0.596,19.58,19.7,81.5,128.8
Delhi,Post-Monsoon,94.3,234.82,87.6,4.73,0.615,84.08,33.6,80.9,121.5
Chennai,Winter,8.72,14.74,21.17,4.14,0.1,34.87,39.6,77.3,25.3
Hyderabad,Monsoon,2.88,18.74,3.86,0.64,1.111,72.76,25.5,59.7,7.6
Ahmedabad,Summer,4.25,15.14,11.73,6.66,1.722,89.34,26.1,10.0,20.0
Mumbai,Winter,1.0,12.88,39.95,1.15,0.281,61.42,39.7,47.2,30.5
Hyderabad,Monsoon,3.97,29.71,11.45,2.86,0.547,12.6,32.0,47.5,23.9
Hyderabad,Winter,45.95,96.96,2.28,3.81,1.825,27.04,31.5,40.4,90.4
Mumbai,Monsoon,2.95,5.0,20.34,16.55,2.097,83.07,18.5,62.4,22.9
Kolkata,Summer,15.37,45.0,46.63,20.83,0.279,45.77,33.4,51.6,52.2
Kolkata,Summer,74.54,160.51,39.73,3.6,0.8,51.99,20.6,43.5,118.2
Ahmedabad,Winter,1.0,21.81,4.81,19.57,0.214,68.97,18.9,38.8,20.2
Hyderabad,Monsoon,67.38,129.13,27.93,19.47,0.107,67.41,25.2,45.7,103.7
Ahmedabad,Post-Monsoon,13.24,40.2,6.23,14.47,2.42,56.97,23.3,82.4,43.9
Kolkata,Summer,5.03,16.04,6.15,1.59,1.718,44.78,26.2,46.8,25.2
Pune,Post-Monsoon,47.73,99.72,51.8,11.72,1.427,42.18,16.5,49.7,89.9
Chennai,Post-Monsoon,39.66,121.15,7.18,29.01,0.1,71.45,35.7,50.9,69.9
Ahmedabad,Winter,83.98,150.13,7.64,11.47,1.856,63.84,37.0,66.8,107.3
Ahmedabad,Winter,53.13,125.86,1.0,4.03,0.576,43.57,12.4,69.1,94.6
Pune,Winter,65.08,131.12,51.13,6.94,0.419,77.05,35.8,10.0,113.2
Kolkata,Monsoon,13.25,45.56,39.33,10.38,0.791,46.77,21.5,80.4,36.3
Ahmedabad,Summer,7.81,23.23,24.68,7.15,0.1,28.71,34.9,88.7,36.0
Delhi,Summer,55.55,148.74,34.68,1.28,1.413,31.03,27.5,39.0,97.0
Kolkata,Post-Monsoon,65.77,136.54,4.12,3.74,0.873,25.53,28.2,40.6,95.6
Kolkata,Winter,186.28,334.74,15.33,16.21,0.207,43.19,26.5,51.0,143.6
Chennai,Monsoon,21.28,41.77,10.82,19.76,0.209,80.84,37.7,44.9,63.9
Ahmedabad,Summer,18.61,44.18,2.46,1.48,0.204,29.87,18.1,64.5,42.8
Hyderabad,Monsoon,59.92,129.17,16.64,30.45,0.1,54.71,32.9,21.1,95.0
Bengaluru,Winter,16.67,42.51,63.38,3.99,0.886,33.58,36.8,37.6,55.8
Bengaluru,Winter,106.81,258.59,1.02,10.86,1.835,43.49,33.7,90.8,114.7
Bengaluru,Summer,78.19,166.61,8.61,13.94,0.1,12.25,46.6,41.4,99.3
Chennai,Post-Monsoon,22.41,48.94,5.82,16.71,0.1,44.49,23.8,84.9,52.3
Bengaluru,Post-Monsoon,55.59,118.83,6.8,29.14,0.85,45.16,35.7,67.1,91.6
Pune,Winter,56.19,140.3,59.77,3.75,1.712,63.51,27.2,23.8,105.4
Mumbai,Winter,4.35,12.73,15.78,19.56,0.396,55.58,37.9,72.7,8.2
Kolkata,Post-Monsoon,93.14,162.05,15.7,1.41,0.43,20.04,27.9,57.6,100.3
Hyderabad,Winter,28.15,50.28,35.74,12.21,0.907,77.1,24.9,50.9,72.9
Mumbai,Summer,70.05,173.54,4.2,13.55,0.32,55.26,38.4,64.9,108.4
Chennai,Summer,15.43,32.71,16.7,11.32,0.1,54.96,24.1,69.5,42.5
Kolkata,Monsoon,90.35,204.1,14.05,2.91,1.329,49.77,16.7,74.2,116.8
Chennai,Post-Monsoon,19.72,61.51,22.71,20.64,0.983,37.06,23.9,83.6,47.0
Chennai,Winter,1.0,13.42,193.09,1.85,0.869,55.45,33.0,68.2,34.5
Pune,Monsoon,94.32,206.41,36.68,0.55,1.354,61.89,39.1,32.5,115.1
Delhi,Summer,3.83,20.5,12.68,12.64,1.125,6.33,28.9,50.5,14.2
Delhi,Post-Monsoon,15.39,38.85,43.94,6.45,0.231,36.53,38.5,100.0,44.8
Chennai,Summer,119.88,206.46,4.68,18.91,0.435,43.63,17.1,74.5,120.6
Bengaluru,Winter,120.32,225.71,1.0,4.84,0.135,56.4,24.5,100.0,115.9
Mumbai,Monsoon,34.08,63.51,5.72,1.84,0.139,79.83,25.7,87.9,69.0
Bengaluru,Winter,39.97,90.2,10.4,18.11,1.128,30.71,27.1,64.8,77.2
Ahmedabad,Winter,23.8,67.24,17.86,7.96,1.956,37.55,28.7,66.0,54.5
Chennai,Post-Monsoon,13.88,30.39,23.87,2.1,3.29,37.19,33.5,59.3,36.9
Ahmedabad,Post-Monsoon,15.94,41.52,60.37,12.74,0.99,29.96,24.4,25.2,43.0
Bengaluru,Winter,44.65,100.14,17.83,7.16,0.203,41.32,29.1,60.4,81.4
Ahmedabad,Post-Monsoon,55.83,131.19,17.39,9.27,0.112,69.27,27.6,84.2,98.4
Chennai,Monsoon,62.73,127.2,1.29,6.18,1.676,23.65,20.6,48.0,96.1
Pune,Monsoon,62.35,136.13,1.0,17.64,0.865,60.7,27.1,68.2,97.8
Delhi,Winter,3.83,15.8,20.03,17.69,0.963,7.45,26.9,77.0,27.3
Mumbai,Monsoon,27.28,53.03,14.41,12.36,1.521,35.97,26.7,41.8,49.3
Ahmedabad,Winter,2.37,21.52,45.69,1.11,1.215,41.76,28.3,51.0,14.4
Chennai,Monsoon,31.9,93.37,4.38,18.25,1.799,91.87,28.6,39.6,65.9
Pune,Summer,23.3,41.2,1.0,11.12,0.1,43.13,24.5,43.6,46.3
Bengaluru,Winter,87.46,226.48,14.9,11.94,1.376,5.0,38.2,34.2,106.0
Delhi,Monsoon,17.29,42.12,6.78,4.51,1.903,5.0,18.6,42.0,42.7
Chennai,Summer,4.98,14.89,1.27,21.14,0.337,50.85,22.2,88.4,23.1
Mumbai,Winter,6.17,18.93,32.24,12.92,1.023,65.34,48.0,41.7,19.4
Bengaluru,Monsoon,57.34,129.88,2.96,1.19,0.377,59.39,19.7,62.5,93.6
Pune,Monsoon,38.52,91.37,23.43,5.24,3.169,54.19,17.2,49.9,77.3
Bengaluru,Summer,4.26,21.81,8.25,21.75,0.1,79.06,33.9,83.6,23.5
Hyderabad,Post-Monsoon,3.51,19.39,4.76,0.5,0.867,36.51,11.4,86.2,25.8
Bengaluru,Post-Monsoon,48.29,86.46,11.94,32.55,0.182,72.37,26.1,77.3,92.0
Ahmedabad,Summer,3.02,12.26,40.42,11.37,1.246,9.2,45.2,66.1,16.2
Bengaluru,Summer,69.01,164.3,12.44,9.98,0.193,27.38,15.6,55.4,94.8
Pune,Winter,49.0,97.39,34.73,3.15,0.268,5.0,12.1,36.2,84.8
Bengaluru,Post-Monsoon,3.39,21.15,3.35,2.86,0.682,43.13,16.0,98.9,13.0
Bengaluru,Winter,3.55,24.7,37.04,28.48,2.463,48.84,35.2,44.8,28.9
Kolkata,Monsoon,172.62,288.68,6.76,3.54,0.238,52.85,37.0,73.3,140.4
Chennai,Summer,18.75,52.5,28.28,14.94,0.156,51.55,23.9,81.2,41.7
Kolkata,Winter,18.52,51.35,20.86,4.99,1.423,26.81,33.5,48.9,43.2
Bengaluru,Summer,67.02,168.59,66.18,1.5,0.694,45.24,39.1,80.8,115.1
Chennai,Winter,117.69,202.97,12.25,0.5,2.428,12.56,42.3,75.3,116.1
Kolkata,Monsoon,170.75,383.58,1.71,7.86,0.159,84.08,26.0,94.6,154.8
Bengaluru,Monsoon,56.0,137.2,1.0,37.21,1.038,42.41,9.6,50.6,96.6
Mumbai,Post-Monsoon,18.88,52.78,43.84,4.61,0.265,37.78,21.4,34.3,58.5
Kolkata,Post-Monsoon,3.49,16.89,18.6,4.42,0.171,89.72,24.6,49.9,20.9
Chennai,Monsoon,60.05,125.97,37.32,4.22,1.15,18.94,25.9,64.2,99.1
Kolkata,Winter,32.69,77.7,6.68,7.35,0.901,21.86,26.5,61.2,55.4
Hyderabad,Summer,22.08,52.84,10.58,5.81,1.406,22.59,37.0,52.1,48.8
Hyderabad,Monsoon,94.73,207.21,1.0,21.2,0.37,48.3,38.2,21.8,94.5
Mumbai,Monsoon,4.72,17.22,81.42,7.04,0.594,60.79,26.6,69.4,31.8
Pune,Winter,27.14,71.89,27.56,7.09,0.52,68.49,36.8,99.4,59.1
Pune,Monsoon,1.0,15.49,67.65,1.49,4.141,114.3,30.9,69.3,25.5
Chennai,Monsoon,25.29,69.74,7.71,40.59,0.346,5.0,28.5,72.2,44.6
Ahmedabad,Winter,2.32,5.94,23.63,2.88,0.349,65.22,35.3,71.4,19.4
Pune,Monsoon,5.06,17.11,28.37,0.76,0.438,36.07,28.6,67.9,22.1
Chennai,Post-Monsoon,5.0,15.63,9.55,10.88,0.831,35.34,44.5,78.6,17.9
Mumbai,Post-Monsoon,41.9,95.44,47.11,9.05,0.291,34.51,16.5,67.9,83.2
Ahmedabad,Post-Monsoon,54.82,102.23,73.51,5.36,2.469,27.28,23.9,53.7,107.2
Ahmedabad,Post-Monsoon,35.02,84.6,54.04,5.49,0.309,92.11,27.0,44.1,83.0
Hyderabad,Monsoon,130.99,336.07,33.59,15.37,2.262,71.06,31.5,55.0,128.1
Bengaluru,Summer,18.79,29.07,8.12,2.18,0.109,50.58,38.1,66.3,37.1
Ahmedabad,Post-Monsoon,13.46,46.52,8.27,17.16,1.069,83.78,27.8,53.7,48.8
Delhi,Post-Monsoon,81.18,158.61,82.67,10.46,2.375,12.19,16.6,66.3,118.8
Chennai,Monsoon,10.12,34.3,1.0,5.43,0.185,16.73,34.7,68.8,23.9
Ahmedabad,Monsoon,132.11,312.92,31.47,6.13,3.452,5.0,34.0,76.7,116.1
Ahmedabad,Winter,1.0,18.87,30.63,2.97,0.603,32.51,12.5,85.7,21.0
Delhi,Post-Monsoon,140.1,317.07,24.37,13.95,2.914,54.04,28.0,61.6,126.3
Ahmedabad,Winter,1.76,5.0,115.4,7.19,1.13,52.57,15.3,33.8,37.5
Bengaluru,Post-Monsoon,88.71,179.83,9.34,3.87,0.359,53.73,22.7,53.1,105.1
Delhi,Summer,30.01,73.82,10.39,9.06,0.209,14.72,20.8,60.9,52.2
Hyderabad,Monsoon,198.27,445.97,2.06,54.57,0.362,70.08,34.5,23.3,204.9
Kolkata,Monsoon,3.07,18.13,14.62,5.71,0.1,55.99,28.9,87.8,21.7
Ahmedabad,Winter,32.28,80.58,7.56,25.34,0.155,68.33,17.7,62.8,63.5
Ahmedabad,Winter,139.34,334.22,10.52,4.23,0.111,5.0,35.0,67.6,122.4
Chennai,Monsoon,29.62,62.46,44.98,0.56,0.55,57.79,16.5,87.3,65.6
Bengaluru,Monsoon,39.71,104.41,68.52,2.28,1.588,20.31,30.6,47.4,83.6
Chennai,Monsoon,47.6,89.64,5.14,5.42,0.152,40.07,21.5,71.5,88.3
Kolkata,Post-Monsoon,24.25,64.87,11.65,2.48,0.14,63.36,25.1,57.8,56.1
Ahmedabad,Post-Monsoon,39.51,83.29,66.0,0.5,1.031,52.28,32.0,56.3,82.9
Bengaluru,Summer,35.11,76.03,1.6,24.65,0.22,28.71,32.2,44.6,69.0
Delhi,Post-Monsoon,92.57,180.23,2.42,18.57,0.103,50.16,38.7,93.3,94.5
Ahmedabad,Monsoon,1.86,13.4,4.44,13.56,0.183,11.71,27.3,52.5,19.5
Hyderabad,Post-Monsoon,13.19,30.12,22.61,1.84,2.573,78.76,30.5,74.0,34.9
Ahmedabad,Winter,120.16,233.46,4.08,1.28,1.723,44.87,24.5,22.5,112.5
Pune,Monsoon,88.39,180.19,86.11,0.7,0.437,77.96,29.5,83.6,123.7
Bengaluru,Post-Monsoon,24.33,49.65,14.8,12.87,1.067,36.84,31.5,81.0,51.4
Pune,Monsoon,38.72,83.29,17.4,26.42,0.771,36.91,27.2,61.9,76.8
Delhi,Winter,12.99,28.33,7.08,5.63,1.13,30.9,13.6,55.5,30.7
Ahmedabad,Winter,8.34,28.72,15.92,1.27,1.148,71.9,30.7,68.0,31.1
Delhi,Post-Monsoon,24.92,62.42,27.11,7.18,0.991,32.26,30.9,100.0,51.9
Mumbai,Monsoon,17.44,47.76,34.78,4.29,0.309,66.11,22.6,24.7,50.5
Ahmedabad,Summer,35.05,82.65,35.05,4.7,0.1,40.44,17.7,75.6,68.9
Pune,Winter,3.24,17.13,21.56,9.71,0.608,5.0,39.8,41.8,14.7
Bengaluru,Summer,146.6,289.7,58.68,12.68,2.216,35.74,31.9,59.6,131.1
Pune,Post-Monsoon,171.35,410.63,42.51,1.17,0.843,20.52,26.2,55.0,175.9
Delhi,Winter,47.91,103.45,35.37,0.5,1.786,50.85,18.9,51.4,91.8
Kolkata,Summer,30.72,69.29,1.43,51.73,4.782,20.24,21.4,59.8,63.0
Ahmedabad,Winter,14.82,25.87,1.0,2.65,0.179,73.15,38.4,37.3,36.8
Hyderabad,Summer,67.24,129.7,5.97,0.55,1.177,47.72,29.1,80.6,95.2
Chennai,Monsoon,46.17,94.43,27.23,2.11,1.122,45.56,23.6,24.1,88.6
Bengaluru,Monsoon,7.1,27.85,13.24,0.5,3.91,66.4,32.1,70.8,27.0
Hyderabad,Post-Monsoon,96.73,212.53,12.87,4.97,4.241,74.1,21.5,53.5,117.6
Hyderabad,Winter,69.16,151.61,53.98,16.22,1.161,49.5,40.0,36.6,194.6
Ahmedabad,Summer,119.67,266.51,56.48,4.17,0.279,30.72,38.8,64.0,114.8
Kolkata,Post-Monsoon,51.74,126.51,59.97,5.87,1.602,5.65,24.3,28.9,94.6
Ahmedabad,Monsoon,38.02,99.88,9.42,11.26,0.113,32.85,23.0,60.8,64.8
Kolkata,Monsoon,21.67,57.55,29.36,7.11,1.517,34.57,7.1,31.5,51.2
Mumbai,Post-Monsoon,107.96,276.43,7.92,19.76,2.41,52.68,16.1,69.2,110.3
Bengaluru,Winter,80.42,129.18,5.29,20.1,0.483,41.37,17.3,41.5,106.4
Delhi,Summer,1.85,5.0,5.1,0.5,0.996,67.2,29.1,51.0,9.7
Delhi,Monsoon,1.07,10.94,10.47,15.05,0.562,34.68,25.4,65.9,11.7
Hyderabad,Post-Monsoon,18.89,57.69,14.05,6.18,0.576,48.57,17.2,44.5,46.5
Chennai,Monsoon,66.55,174.21,44.44,44.95,0.372,79.6,25.8,58.8,109.5
Mumbai,Monsoon,174.57,319.19,3.19,6.6,1.436,58.55,32.0,29.7,140.5
Delhi,Summer,6.52,32.01,33.19,43.35,2.752,48.5,32.2,72.6,31.6
Delhi,Winter,36.07,66.72,18.95,14.05,2.826,34.95,12.8,95.3,65.1
Chennai,Winter,19.18,57.68,8.49,2.86,0.192,34.17,27.0,100.0,50.8
Chennai,Summer,140.15,266.41,16.97,7.73,2.077,28.73,16.9,61.8,122.0
Delhi,Post-Monsoon,73.84,126.66,8.91,48.45,1.337,36.47,35.2,75.8,94.8
Pune,Post-Monsoon,72.89,157.82,22.66,19.49,0.291,68.89,34.3,24.4,106.5
Chennai,Winter,25.3,60.46,14.22,1.02,0.1,44.45,20.8,90.1,49.1
Pune,Monsoon,21.43,47.56,4.49,12.25,0.312,16.26,21.9,75.5,47.9
Bengaluru,Monsoon,12.78,30.84,3.1,4.24,2.433,94.2,24.3,50.3,51.4
Mumbai,Post-Monsoon,2.32,15.35,19.78,0.5,1.003,58.0,10.0,84.7,13.2
Chennai,Summer,80.02,176.17,58.18,5.17,1.277,14.83,30.7,54.9,112.7
Bengaluru,Monsoon,67.04,124.22,10.54,2.68,0.297,38.95,25.8,50.8,90.5
Kolkata,Post-Monsoon,300.0,500.0,33.01,17.09,1.271,52.77,35.8,69.5,243.7
Hyderabad,Summer,227.79,500.0,26.87,4.11,0.1,92.61,19.2,38.7,238.3
Pune,Winter,32.43,61.38,67.04,17.57,0.471,22.3,23.0,80.4,68.0
Mumbai,Summer,58.61,119.61,43.01,0.5,0.986,74.4,15.9,38.9,100.2
Pune,Winter,115.85,197.15,20.9,3.68,0.158,84.99,20.0,39.0,123.4
Kolkata,Post-Monsoon,75.79,135.15,26.75,2.76,1.732,34.28,18.5,41.8,110.4
Mumbai,Summer,11.37,42.05,57.16,2.66,0.268,43.06,36.0,75.2,42.8
Delhi,Post-Monsoon,23.95,51.91,12.75,0.71,1.056,24.09,22.4,47.7,46.0
Kolkata,Winter,5.53,22.71,9.89,2.07,0.52,44.91,29.0,33.0,27.3
Ahmedabad,Monsoon,123.21,285.29,1.0,8.11,0.906,49.09,25.0,47.9,112.1
Ahmedabad,Monsoon,37.27,64.2,43.8,3.44,0.114,66.49,17.8,59.4,65.7
Chennai,Winter,10.38,36.66,40.36,5.4,0.1,77.25,26.7,36.4,41.7
Mumbai,Monsoon,44.55,87.88,2.76,4.73,2.403,31.3,32.8,37.0,72.5
Chennai,Monsoon,38.51,108.19,21.5,20.87,0.314,5.0,18.3,100.0,74.6
Mumbai,Summer,17.74,39.82,15.59,23.57,1.713,49.47,34.5,42.8,43.3
Kolkata,Summer,4.82,13.35,3.16,6.79,7.339,57.34,21.2,53.5,23.6
Mumbai,Monsoon,44.54,105.4,98.52,4.01,0.238,56.24,24.1,52.7,105.0
Delhi,Summer,29.38,57.23,6.04,1.13,0.308,41.83,32.2,51.6,50.8
Hyderabad,Winter,59.19,131.76,1.74,30.66,1.087,53.12,22.7,72.4,93.8
Ahmedabad,Summer,29.37,77.66,22.59,0.62,3.365,87.89,28.3,79.0,64.6
Hyderabad,Summer,76.47,176.34,33.57,3.53,2.475,59.54,25.5,53.9,116.8
Mumbai,Summer,32.11,78.52,1.0,3.54,0.699,40.67,29.0,35.3,56.1
Hyderabad,Post-Monsoon,32.92,96.71,26.88,3.86,1.585,37.5,9.0,85.5,62.6
Delhi,Winter,83.71,150.16,19.0,1.79,0.146,45.75,13.4,58.1,108.8
Ahmedabad,Monsoon,20.67,48.57,2.72,15.29,3.791,90.92,32.9,94.6,47.8
Bengaluru,Monsoon,5.76,20.51,4.73,1.31,3.334,45.42,36.3,15.1,21.1
Mumbai,Post-Monsoon,1.17,15.25,20.98,10.08,0.179,49.51,20.7,63.9,8.5
Ahmedabad,Summer,56.28,138.97,8.79,1.32,0.356,37.94,26.0,98.4,106.6
Hyderabad,Winter,38.74,102.15,69.64,0.73,0.106,77.47,30.4,52.9,78.0
Bengaluru,Winter,48.71,100.48,42.7,24.02,0.317,99.0,33.5,55.5,94.1
Pune,Monsoon,9.58,21.63,102.71,2.11,1.693,61.27,11.8,65.9,49.5
Ahmedabad,Post-Monsoon,5.86,27.08,7.52,17.22,0.475,52.07,20.9,48.8,30.2
Pune,Post-Monsoon,1.0,9.21,87.43,7.87,0.1,50.92,25.3,53.8,19.7
Kolkata,Post-Monsoon,17.27,48.96,14.11,0.81,0.419,5.0,33.6,53.2,50.3
Bengaluru,Post-Monsoon,35.66,73.62,10.67,31.11,3.984,68.63,48.0,47.5,73.8
Bengaluru,Winter,19.92,40.36,1.29,2.84,0.993,53.35,26.2,84.6,47.3
Ahmedabad,Summer,23.01,45.76,1.36,19.64,0.538,60.71,16.7,69.2,44.5
Kolkata,Monsoon,93.8,221.29,29.44,1.85,0.182,32.21,31.2,65.0,113.4
Hyderabad,Winter,17.12,47.35,15.31,19.24,4.281,40.39,38.6,76.2,41.4
Chennai,Post-Monsoon,28.86,70.13,6.42,0.5,1.72,39.72,28.9,54.7,63.1
Mumbai,Post-Monsoon,61.23,110.83,23.8,7.17,0.331,75.54,20.7,44.5,97.8
Kolkata,Monsoon,20.2,55.3,7.29,14.67,0.1,40.53,35.7,47.9,44.7
Bengaluru,Summer,38.92,104.7,21.55,27.3,0.1,102.07,33.3,60.0,74.7
Chennai,Summer,79.33,140.28,11.13,23.99,0.128,60.77,19.8,38.8,99.8
Bengaluru,Summer,119.45,206.18,43.37,17.13,0.869,18.11,31.1,50.0,124.1
Ahmedabad,Post-Monsoon,6.36,23.27,42.97,21.91,2.642,46.79,36.0,49.7,31.5
Hyderabad,Winter,104.47,237.36,16.22,2.22,0.687,33.71,37.5,100.0,117.7
Delhi,Winter,27.1,69.29,10.8,3.34,1.851,5.0,27.5,10.0,44.0
Bengaluru,Summer,11.95,34.55,11.26,3.41,0.59,89.99,25.1,56.4,44.4
Hyderabad,Monsoon,24.58,55.94,40.96,4.73,1.233,67.58,37.8,94.5,72.3
Pune,Summer,156.55,308.97,9.94,5.0,1.316,63.33,18.3,62.4,129.2
Bengaluru,Summer,27.14,65.07,5.86,7.86,0.191,54.14,31.5,75.1,64.3
Chennai,Monsoon,15.94,38.97,2.21,1.74,0.448,15.45,17.0,62.0,35.9
Hyderabad,Summer,40.14,110.37,15.72,11.75,1.014,37.91,36.5,46.7,66.9
Kolkata,Monsoon,10.99,35.72,16.45,1.83,0.1,71.04,25.9,15.2,34.4
Hyderabad,Monsoon,3.16,10.73,45.96,3.72,0.449,23.72,38.1,64.1,23.8
Kolkata,Winter,5.52,13.17,6.25,7.0,0.765,5.0,31.9,44.5,11.5
Kolkata,Monsoon,5.48,21.39,11.99,15.92,5.579,44.32,18.2,44.0,19.1
Delhi,Summer,6.59,24.87,41.31,13.45,0.643,46.46,39.4,50.0,31.0
Chennai,Monsoon,5.98,23.97,43.38,10.37,1.693,53.39,40.4,94.9,28.0
Mumbai,Summer,40.96,113.27,12.14,1.69,0.566,68.21,35.1,100.0,79.3
Chennai,Monsoon,8.03,21.96,15.36,7.92,1.592,65.94,21.9,64.3,29.9
Ahmedabad,Winter,16.97,44.66,9.03,0.92,0.905,56.47,25.6,50.7,45.5
Bengaluru,Summer,90.84,204.05,67.41,4.74,2.177,79.89,29.2,36.5,119.5
Chennai,Summer,25.7,59.26,3.16,5.34,0.529,12.03,22.4,69.4,50.7
Bengaluru,Summer,44.05,87.64,67.86,0.5,0.927,62.61,41.5,95.7,86.9
Bengaluru,Monsoon,7.57,13.73,28.79,3.2,0.994,65.66,29.2,55.1,36.2
Bengaluru,Winter,8.54,22.67,18.96,31.16,0.54,19.01,6.4,12.4,23.5
Delhi,Winter,1.67,22.3,1.0,30.71,0.156,12.43,30.7,73.4,19.2
Mumbai,Winter,7.4,22.63,16.14,4.34,0.1,31.35,25.2,79.7,22.8
Kolkata,Winter,13.06,34.97,13.1,0.5,0.1,33.46,27.4,28.3,37.9
Chennai,Monsoon,7.79,17.15,4.4,1.97,2.068,68.84,25.1,63.5,24.0
Ahmedabad,Summer,3.72,13.81,26.71,4.98,0.27,34.64,34.5,69.0,12.0
Chennai,Post-Monsoon,5.14,16.19,88.64,29.52,0.238,28.59,37.0,58.5,24.0
Kolkata,Winter,24.71,58.29,20.65,1.52,1.332,34.71,30.3,44.2,48.4
Hyderabad,Post-Monsoon,9.24,30.9,31.36,14.42,0.386,77.97,25.3,80.3,33.4
Bengaluru,Monsoon,18.12,54.47,1.77,1.15,0.705,50.33,27.7,51.9,305.5
Hyderabad,Monsoon,28.0,52.99,13.52,39.77,0.177,45.52,28.2,30.3,61.8
Ahmedabad,Post-Monsoon,46.9,106.91,3.09,4.81,3.213,47.25,21.6,19.0,80.9
Hyderabad,Summer,1.6,16.31,23.72,14.93,1.908,82.3,32.6,85.2,16.3
Hyderabad,Post-Monsoon,64.26,153.92,69.71,4.19,1.994,31.27,31.7,72.3,103.0
Bengaluru,Monsoon,39.54,98.29,27.1,9.88,0.522,82.89,40.3,61.8,80.6
Kolkata,Post-Monsoon,3.41,11.15,2.0,2.13,1.437,55.26,38.0,51.2,20.7
Kolkata,Winter,82.73,157.58,10.95,1.58,0.155,45.99,22.5,49.4,111.0
Kolkata,Winter,101.47,223.85,20.0,27.82,0.1,112.52,34.6,38.5,120.7
Chennai,Summer,2.52,15.12,12.9,24.97,0.1,23.61,20.4,51.4,15.8
Mumbai,Post-Monsoon,12.97,40.36,44.84,21.85,0.883,41.16,33.6,17.6,52.2
Chennai,Post-Monsoon,65.64,150.0,42.14,9.82,0.608,19.19,23.9,45.3,105.1
Hyderabad,Post-Monsoon,55.17,132.69,23.66,16.52,0.73,73.81,19.8,53.8,103.3
Mumbai,Post-Monsoon,8.16,24.44,11.69,0.72,0.1,92.23,30.2,72.2,28.0
Pune,Summer,9.4,25.42,7.37,4.08,0.549,91.75,6.6,59.2,25.2
Chennai,Monsoon,18.51,44.0,2.8,3.76,1.266,80.6,14.0,75.9,42.5
Chennai,Summer,26.51,85.59,10.96,10.1,0.585,45.06,26.6,87.0,54.5
Bengaluru,Monsoon,38.52,66.49,13.33,4.4,1.318,40.87,28.7,81.2,71.6
Kolkata,Monsoon,18.41,51.25,28.16,1.61,0.265,8.22,25.0,69.4,54.3
Kolkata,Monsoon,24.84,62.36,26.84,9.07,1.677,100.9,15.4,60.2,60.5
Mumbai,Post-Monsoon,55.05,122.1,1.82,16.84,0.888,61.72,21.5,40.4,100.8
Chennai,Summer,1.49,11.44,12.57,4.81,0.237,37.7,31.1,74.8,9.5
Kolkata,Monsoon,11.64,30.91,5.02,1.42,0.27,83.2,32.7,93.6,34.9
Chennai,Winter,49.98,121.86,4.26,2.19,0.989,25.68,27.9,66.8,78.6
Hyderabad,Monsoon,90.23,183.57,43.91,2.71,1.772,60.17,37.3,98.3,111.3
Pune,Summer,28.67,61.01,1.07,3.57,0.537,45.68,31.2,29.5,58.0
Kolkata,Post-Monsoon,30.38,87.41,13.58,10.29,0.299,65.97,22.0,36.9,61.4
Delhi,Winter,4.53,13.89,4.6,9.19,2.017,48.41,25.8,77.1,21.6
Pune,Monsoon,23.73,49.82,52.87,11.91,1.106,13.73,16.8,65.3,57.7
Kolkata,Post-Monsoon,30.42,65.64,20.36,4.5,0.594,51.89,27.1,86.3,60.0
Delhi,Summer,11.11,31.3,6.58,17.37,0.669,76.22,36.9,59.7,45.8
Delhi,Summer,12.55,33.28,17.45,2.28,0.228,49.27,33.5,42.6,37.8
Kolkata,Winter,18.95,58.29,32.87,6.33,0.986,69.38,39.2,55.7,57.0
Pune,Winter,1.0,22.16,79.32,16.14,0.444,23.86,25.6,29.3,27.9
Bengaluru,Monsoon,15.55,39.6,6.23,1.99,5.436,49.34,38.8,37.4,46.1
Mumbai,Post-Monsoon,9.5,30.15,54.33,1.16,0.654,34.39,26.5,79.4,41.6
Delhi,Post-Monsoon,15.87,40.39,68.07,21.51,0.665,68.67,39.8,77.5,55.1
Kolkata,Summer,5.1,20.24,62.05,4.2,0.834,50.79,27.8,67.3,17.1
Bengaluru,Summer,88.48,209.65,25.22,11.52,2.486,67.25,33.7,25.6,112.0
Bengaluru,Monsoon,36.02,65.42,24.84,0.5,1.614,77.19,39.8,52.8,78.8
Bengaluru,Monsoon,45.47,118.19,12.9,11.71,0.6,67.29,26.5,35.5,85.7
Hyderabad,Summer,62.27,161.12,34.9,3.8,1.268,56.83,29.7,83.5,106.4
Pune,Summer,27.6,70.01,18.94,0.57,0.882,25.04,38.3,48.3,47.4
Delhi,Post-Monsoon,3.64,19.19,28.29,9.41,0.678,49.93,26.9,38.3,16.5
Kolkata,Post-Monsoon,30.81,59.09,13.99,2.75,0.214,36.67,17.4,60.6,61.8
Bengaluru,Post-Monsoon,35.36,67.56,32.87,4.89,0.624,41.4,45.1,47.2,71.6
Mumbai,Monsoon,54.73,114.16,43.5,0.84,0.282,40.64,24.2,89.7,106.5
Mumbai,Post-Monsoon,22.6,53.3,3.96,1.59,2.463,25.5,29.3,45.3,47.0
Ahmedabad,Winter,5.46,25.08,44.73,3.54,0.409,5.0,37.2,32.0,25.0
Bengaluru,Winter,13.35,35.85,19.43,0.94,3.042,33.3,23.1,16.9,39.9
Mumbai,Post-Monsoon,18.04,42.58,46.55,24.17,0.762,54.83,19.9,59.4,46.4
Delhi,Post-Monsoon,41.53,82.53,14.11,0.5,0.998,16.3,30.0,48.8,62.6
Pune,Summer,33.83,78.9,11.91,6.61,0.783,50.39,13.7,31.4,66.6
Pune,Summer,17.61,51.4,61.65,1.32,0.139,97.51,25.7,83.8,57.6
Kolkata,Monsoon,172.25,354.94,7.23,3.68,0.471,75.58,30.0,73.3,304.2
Mumbai,Winter,37.23,97.73,46.48,26.04,0.104,91.09,25.8,59.4,70.7
Chennai,Winter,10.83,32.96,16.54,1.76,0.975,59.78,15.7,87.3,38.3
Mumbai,Monsoon,4.29,18.52,18.04,33.76,0.592,79.19,40.8,73.3,19.0
Ahmedabad,Post-Monsoon,6.64,25.27,9.22,2.3,1.505,31.9,28.8,43.5,24.3
Chennai,Post-Monsoon,11.29,39.79,21.28,13.53,0.249,33.89,39.4,39.2,44.2
Ahmedabad,Monsoon,7.01,25.8,9.83,7.91,0.18,5.0,25.9,76.4,9.1
Bengaluru,Winter,8.26,21.56,1.0,21.58,0.521,79.65,21.0,67.9,23.6
Bengaluru,Winter,13.42,37.87,7.94,8.07,2.612,88.51,30.2,63.4,40.7
Kolkata,Post-Monsoon,7.62,28.04,1.0,7.65,1.239,36.17,26.3,43.1,29.8
Ahmedabad,Summer,90.83,225.09,95.82,2.17,0.543,43.65,18.6,72.2,116.0
Kolkata,Monsoon,3.35,14.68,84.35,1.82,0.728,31.15,39.8,44.9,37.4
Delhi,Monsoon,29.74,85.18,12.57,24.83,0.1,59.57,23.0,58.0,60.4
Mumbai,Post-Monsoon,21.13,65.49,32.58,3.97,4.172,78.12,13.3,88.9,55.6
Chennai,Monsoon,161.55,298.54,10.61,4.65,1.098,6.43,38.6,46.8,129.2
Chennai,Winter,4.75,8.18,27.8,14.26,0.336,60.24,24.0,28.5,19.6
Kolkata,Post-Monsoon,20.29,53.65,40.92,4.14,0.881,43.08,23.1,38.9,57.6
Mumbai,Winter,139.56,240.14,73.32,30.38,0.116,52.83,13.9,79.9,129.6
Pune,Summer,80.25,190.1,12.78,13.39,3.377,61.47,41.9,65.1,108.7
Chennai,Monsoon,67.95,125.59,38.23,9.1,0.192,45.29,17.7,57.4,103.2
Pune,Monsoon,11.93,44.0,7.73,21.28,1.044,47.41,28.5,49.8,31.6
Mumbai,Winter,7.5,19.99,115.97,0.51,0.282,44.65,35.3,69.7,55.9
Pune,Post-Monsoon,44.18,116.27,1.0,2.97,1.264,74.26,31.4,43.0,81.9
Delhi,Post-Monsoon,106.02,183.14,23.13,6.26,1.5,60.47,27.5,66.1,119.0
Ahmedabad,Monsoon,32.55,82.1,26.93,2.57,1.119,55.51,14.4,45.4,71.9
Bengaluru,Winter,33.91,90.12,29.12,13.62,0.953,18.23,21.5,42.0,58.4
Bengaluru,Summer,13.14,39.54,3.21,25.16,2.23,40.54,29.5,47.3,45.4
Kolkata,Winter,58.7,134.16,69.73,5.51,0.1,72.47,21.7,52.5,98.1
Delhi,Post-Monsoon,8.28,31.68,5.0,4.19,0.402,50.94,29.6,59.0,21.8
Chennai,Monsoon,15.64,46.08,24.37,32.58,0.285,66.49,33.5,64.7,42.5
Kolkata,Monsoon,22.17,46.57,6.3,5.89,4.424,94.16,35.7,10.0,56.7
Kolkata,Monsoon,28.34,71.89,9.18,6.71,0.493,75.97,18.2,43.8,59.9
Bengaluru,Summer,11.1,28.8,19.77,4.33,1.319,52.33,45.6,52.2,35.2
Mumbai,Summer,4.88,14.62,13.5,24.03,1.154,37.23,34.1,90.1,18.1
Chennai,Post-Monsoon,37.73,62.51,4.37,8.42,0.238,5.0,28.0,38.4,60.3
Kolkata,Winter,13.62,29.84,4.69,14.36,0.273,45.79,36.7,63.3,29.5
Chennai,Winter,34.82,71.54,13.54,16.7,0.33,41.85,46.9,89.9,68.8
Ahmedabad,Winter,6.71,25.88,35.4,4.18,0.53,59.76,16.5,33.7,31.7
Mumbai,Summer,26.24,71.35,57.06,5.69,0.267,46.15,26.2,67.9,70.8
Chennai,Monsoon,30.42,77.76,2.2,18.87,0.1,41.99,9.0,44.0,53.4
Pune,Post-Monsoon,2.13,14.05,12.48,4.51,2.115,5.52,29.5,49.9,15.1
Kolkata,Post-Monsoon,16.42,33.48,2.64,15.8,3.37,26.5,30.9,43.9,38.8
Pune,Summer,5.77,23.4,1.0,28.3,0.418,61.92,27.7,45.4,25.4
Mumbai,Summer,2.62,19.51,27.1,9.76,0.413,92.9,22.8,100.0,28.2
Delhi,Monsoon,184.05,303.42,23.06,13.53,0.1,47.56,11.6,76.9,149.6
Pune,Monsoon,15.57,30.3,4.45,16.35,1.14,58.2,31.0,82.0,39.0
Kolkata,Summer,66.4,124.94,6.66,18.65,1.745,73.81,39.6,69.8,106.4
Kolkata,Post-Monsoon,11.76,37.1,1.0,5.03,0.159,29.73,23.3,27.9,35.1
Bengaluru,Monsoon,45.77,110.43,45.04,0.53,0.174,59.17,31.5,67.9,85.4
Mumbai,Monsoon,57.12,110.55,91.91,5.14,1.561,31.49,15.5,81.5,105.9
Bengaluru,Post-Monsoon,36.22,61.19,3.64,11.2,0.958,71.62,31.7,42.9,66.8
Kolkata,Monsoon,25.51,71.59,6.58,5.98,0.1,53.79,24.9,79.3,60.4
Ahmedabad,Post-Monsoon,21.23,57.57,50.7,13.82,0.974,57.46,21.9,74.1,62.2
Kolkata,Winter,17.16,27.85,65.25,4.42,0.369,30.44,21.9,97.0,46.5
Bengaluru,Monsoon,106.1,276.31,13.6,10.07,0.46,67.68,24.9,51.6,108.3
Bengaluru,Monsoon,71.02,118.12,1.3,2.06,1.469,102.12,31.1,38.0,110.4
Mumbai,Winter,134.13,304.01,1.0,13.84,1.666,24.8,17.5,52.8,112.2
Delhi,Post-Monsoon,5.31,24.92,21.33,7.89,0.511,41.51,24.8,88.7,23.8
Ahmedabad,Monsoon,52.5,98.87,12.48,2.28,2.94,55.79,27.7,23.4,90.6
Hyderabad,Winter,111.45,189.64,1.0,3.45,0.522,69.66,19.2,18.6,121.7
Kolkata,Post-Monsoon,8.0,23.14,21.88,13.81,1.478,36.01,42.4,61.8,23.7
Delhi,Monsoon,2.75,9.53,1.0,6.59,0.661,5.0,21.2,51.1,13.5
Mumbai,Summer,54.06,91.12,38.71,2.43,2.278,83.98,22.6,60.2,103.7
Chennai,Winter,34.18,88.32,9.15,34.19,2.383,69.01,20.2,78.9,67.8
Delhi,Post-Monsoon,73.76,119.5,1.03,12.56,0.1,6.43,42.4,48.9,87.1
Kolkata,Summer,6.02,25.43,22.19,31.5,2.757,34.81,32.4,22.5,12.2
Delhi,Post-Monsoon,63.44,170.71,12.67,5.57,1.746,89.2,20.5,100.0,101.9
Pune,Summer,9.01,22.21,91.05,6.45,1.567,86.19,36.8,40.1,49.1
Bengaluru,Summer,7.15,21.73,19.64,22.82,0.224,73.47,29.6,38.8,21.6
Bengaluru,Winter,7.18,28.94,8.05,7.45,1.635,45.6,30.1,82.1,18.3
Kolkata,Winter,67.4,148.25,30.9,12.29,1.898,52.07,25.2,52.3,107.8
Pune,Summer,43.77,96.4,7.92,2.91,0.341,46.73,22.0,58.7,80.8
Ahmedabad,Winter,29.62,69.35,58.65,5.92,3.042,78.21,30.7,69.7,70.6
Bengaluru,Post-Monsoon,17.78,42.91,11.74,1.32,0.1,28.1,23.6,81.7,46.0
Mumbai,Monsoon,83.89,208.95,19.96,2.31,0.162,29.86,42.5,53.3,99.6
Bengaluru,Post-Monsoon,19.93,45.88,1.3,0.5,0.771,75.26,17.8,90.4,45.0
Hyderabad,Summer,67.84,132.08,13.88,0.5,0.858,48.89,40.3,17.3,109.4
Ahmedabad,Post-Monsoon,23.13,61.9,44.65,37.85,1.036,84.46,27.1,75.2,60.1
Hyderabad,Summer,18.92,51.12,40.95,2.78,0.1,33.21,30.4,43.2,50.1
Hyderabad,Post-Monsoon,24.85,68.26,6.35,10.89,3.228,48.63,34.7,87.4,64.7
Mumbai,Post-Monsoon,14.35,38.0,6.41,18.27,0.1,26.94,23.0,62.8,29.7
Pune,Winter,55.07,130.82,42.5,8.0,0.154,50.18,34.9,46.5,105.4
Hyderabad,Summer,27.94,54.84,66.62,1.66,0.1,13.04,6.3,73.3,322.2
Ahmedabad,Summer,10.57,32.35,2.51,13.02,0.837,37.81,22.2,77.9,28.5
Bengaluru,Monsoon,91.93,199.16,14.95,9.17,2.692,14.09,20.6,72.8,111.4
Kolkata,Post-Monsoon,19.37,42.68,10.29,13.14,1.096,67.35,18.0,39.4,42.4
Ahmedabad,Post-Monsoon,31.37,57.69,51.14,14.69,1.73,67.91,26.3,50.3,67.1
Delhi,Monsoon,94.78,229.49,2.18,37.05,0.1,6.74,31.1,59.9,105.7
Bengaluru,Summer,39.15,69.11,5.93,8.52,0.781,83.35,33.6,59.2,77.7
Mumbai,Post-Monsoon,4.97,18.2,34.91,4.18,0.615,112.44,29.9,75.0,33.4
Hyderabad,Monsoon,112.42,204.08,1.32,10.45,0.691,51.15,22.7,19.7,120.5
Kolkata,Monsoon,39.52,79.74,16.96,0.71,0.1,33.97,31.0,66.7,72.0
Hyderabad,Monsoon,16.31,53.95,14.59,22.77,1.153,120.61,29.0,54.2,54.3
Mumbai,Post-Monsoon,6.0,27.89,10.18,1.27,0.7,17.03,35.5,43.2,17.3
Ahmedabad,Summer,63.2,154.54,12.55,3.97,1.449,50.5,34.2,45.2,311.4
Delhi,Summer,38.71,107.89,18.87,16.91,0.664,54.49,28.2,55.7,74.4
Bengaluru,Monsoon,30.5,75.06,4.4,9.1,0.162,83.63,20.8,10.0,63.2
Ahmedabad,Monsoon,89.73,152.84,21.22,5.0,1.045,58.99,22.8,46.0,112.3
Delhi,Summer,62.16,146.28,40.92,6.41,0.189,37.53,23.6,42.5,95.3
Chennai,Monsoon,6.58,24.01,35.69,19.28,2.059,26.22,25.5,70.7,20.6
Hyderabad,Monsoon,14.94,47.52,4.18,4.16,0.95,41.45,30.1,43.9,39.1
Bengaluru,Summer,11.43,31.59,4.04,20.38,0.171,24.83,33.7,55.7,22.8
Bengaluru,Post-Monsoon,54.49,120.46,7.81,0.92,3.279,51.2,27.6,90.8,99.8
Delhi,Monsoon,1.36,16.45,11.2,15.0,0.731,35.9,28.1,79.9,18.7
Chennai,Post-Monsoon,33.75,68.49,13.13,18.81,0.1,12.65,29.1,78.0,63.0
Kolkata,Monsoon,57.5,135.85,28.46,2.01,0.986,81.38,23.9,50.0,97.6
Pune,Monsoon,83.75,169.98,1.46,5.63,0.292,37.56,20.6,70.9,109.5
Kolkata,Monsoon,16.75,43.61,1.0,1.81,1.628,18.3,14.0,55.3,49.0
Bengaluru,Winter,68.87,144.37,12.44,12.26,1.703,45.79,22.4,56.1,102.1
Bengaluru,Post-Monsoon,4.69,21.48,29.86,7.66,3.861,51.71,31.8,68.2,25.9
Mumbai,Post-Monsoon,74.95,189.63,5.37,10.09,0.697,6.34,22.4,48.1,99.5
Delhi,Monsoon,5.46,23.02,25.65,2.19,0.607,58.29,26.1,89.9,25.8
Chennai,Summer,20.25,63.07,7.52,2.38,1.4,23.82,31.7,56.8,44.2
Pune,Monsoon,63.84,150.54,54.31,0.5,0.142,92.78,32.2,72.4,110.3
Kolkata,Winter,6.5,19.86,56.51,3.89,0.792,63.1,19.4,89.1,36.6
Delhi,Monsoon,10.42,36.27,8.82,8.2,0.79,40.0,36.0,80.6,42.8
Ahmedabad,Winter,51.24,113.53,6.53,19.51,0.1,31.37,37.0,31.8,80.5
Mumbai,Monsoon,50.92,97.88,13.25,10.99,0.541,47.38,19.0,68.9,89.2
Chennai,Post-Monsoon,40.99,105.6,6.88,5.72,1.919,65.32,21.4,77.0,70.0
Mumbai,Monsoon,47.36,75.27,27.9,30.6,1.939,49.36,37.5,77.8,96.0
Bengaluru,Post-Monsoon,31.3,83.39,43.73,12.7,0.105,44.57,26.8,37.7,63.5
Mumbai,Summer,11.6,37.21,27.95,26.62,0.1,51.46,10.2,46.9,31.0
Pune,Summer,16.97,49.14,43.48,7.5,0.305,34.9,16.8,79.9,50.9
Bengaluru,Monsoon,8.02,29.81,12.65,3.0,2.078,41.42,26.0,44.8,35.3
Kolkata,Monsoon,95.64,239.31,4.25,0.54,0.138,5.0,18.7,54.0,107.6
Kolkata,Summer,35.02,84.87,33.48,12.95,1.273,74.34,24.7,91.5,73.1
Ahmedabad,Winter,20.49,50.01,11.18,1.29,0.107,57.47,28.3,59.0,49.7
Bengaluru,Summer,24.8,52.34,27.81,3.61,0.976,30.66,39.7,45.5,61.7
Bengaluru,Summer,117.71,249.7,7.89,7.6,0.44,97.47,25.7,42.4,114.5
Chennai,Winter,6.66,23.45,2.12,8.31,1.555,52.18,36.6,66.7,21.2
Bengaluru,Summer,35.3,86.35,122.6,9.18,0.266,24.1,39.4,33.3,80.6
Pune,Summer,28.2,55.98,4.25,1.82,1.019,71.42,39.5,55.1,51.7
Ahmedabad,Winter,37.81,97.93,111.46,4.78,0.269,59.95,30.3,66.7,87.6
Chennai,Winter,1.0,9.15,94.61,9.6,1.251,59.86,12.3,86.0,34.6
Pune,Post-Monsoon,82.27,136.06,39.47,35.01,2.069,39.36,31.7,73.4,113.2
Mumbai,Monsoon,107.6,251.94,26.93,13.01,0.136,61.26,36.4,45.7,119.7
Kolkata,Post-Monsoon,33.31,60.4,21.56,25.59,2.014,43.46,27.4,83.6,66.4
Ahmedabad,Winter,47.71,90.27,50.27,14.36,0.9,63.9,42.0,54.0,96.0
Hyderabad,Summer,102.3,167.77,8.54,8.96,0.136,5.0,34.9,35.3,103.2
Kolkata,Winter,49.14,134.12,15.76,2.13,0.558,39.15,32.5,56.6,85.4
Delhi,Summer,6.62,17.98,24.15,10.99,0.175,93.05,36.7,88.8,29.1
Kolkata,Post-Monsoon,34.35,79.72,13.24,9.77,1.205,30.82,30.7,63.3,65.5
Kolkata,Post-Monsoon,37.33,78.37,13.94,9.22,1.422,34.9,8.1,60.3,70.9
Bengaluru,Post-Monsoon,22.07,48.99,10.02,6.73,0.112,38.8,24.0,92.7,47.4
Pune,Summer,53.34,132.05,20.77,7.52,0.706,19.63,37.6,31.4,90.8
Bengaluru,Monsoon,108.95,236.59,47.52,4.07,1.685,5.0,21.5,34.3,133.1
Bengaluru,Monsoon,103.92,187.16,5.63,7.33,2.751,44.24,26.2,27.7,115.9
Hyderabad,Monsoon,23.97,44.99,68.12,2.2,0.721,53.4,19.6,67.5,65.2
Hyderabad,Winter,4.81,10.92,29.21,16.36,3.001,48.69,42.3,63.3,21.5
Ahmedabad,Winter,167.57,364.38,43.33,2.06,0.767,46.38,41.5,90.9,140.5
Bengaluru,Summer,73.03,180.93,20.31,0.89,0.501,51.08,20.9,64.9,103.3
Hyderabad,Winter,5.33,16.25,37.8,5.73,1.885,75.57,29.2,51.9,28.5
Chennai,Summer,101.45,171.97,1.0,10.74,0.679,45.24,22.6,60.0,99.4
Chennai,Post-Monsoon,81.58,136.39,42.65,5.76,0.638,35.65,32.9,62.4,101.9
Ahmedabad,Summer,29.26,73.68,1.02,3.24,0.674,42.97,32.1,26.6,52.8
Chennai,Winter,35.79,68.67,55.16,8.17,1.876,64.48,34.5,100.0,78.3
Ahmedabad,Post-Monsoon,20.37,62.4,120.59,4.26,1.783,85.3,30.7,70.4,68.1
Delhi,Post-Monsoon,2.25,14.01,8.71,27.01,0.517,34.3,48.0,64.2,19.6
Hyderabad,Summer,16.33,37.99,5.9,25.59,0.405,52.47,19.8,72.3,33.8
Bengaluru,Monsoon,64.95,121.59,36.24,6.98,0.677,58.46,14.3,74.2,101.3
Ahmedabad,Winter,1.0,14.13,7.29,3.97,0.85,25.19,24.9,57.2,19.1
Ahmedabad,Winter,16.23,49.91,50.17,13.36,0.272,50.51,15.5,47.4,49.9
Pune,Monsoon,20.31,63.44,2.71,0.5,1.58,13.36,16.1,72.0,47.7
Bengaluru,Winter,30.84,74.31,3.37,6.44,0.666,5.77,20.0,67.7,65.9
Delhi,Monsoon,100.96,208.34,96.76,4.1,0.407,59.17,20.6,43.8,125.2
Pune,Monsoon,17.01,34.16,28.01,25.32,0.113,40.4,20.4,88.4,44.7
Hyderabad,Post-Monsoon,17.04,53.37,46.91,0.5,0.273,55.06,32.1,65.9,48.6
Mumbai,Post-Monsoon,53.5,128.16,9.8,8.05,2.981,49.55,24.0,74.6,84.5
Bengaluru,Summer,24.08,48.38,28.21,13.5,0.364,25.59,26.6,87.8,51.6
Mumbai,Post-Monsoon,10.18,36.95,22.55,6.64,0.185,48.87,35.2,60.4,37.9
Bengaluru,Monsoon,24.09,60.39,23.1,0.89,0.617,19.17,21.9,66.3,54.5
Delhi,Summer,6.07,22.81,28.68,35.92,0.367,84.77,25.9,76.2,30.2
Pune,Winter,7.76,23.66,21.41,7.3,0.1,16.1,30.9,45.5,22.8
Ahmedabad,Monsoon,27.6,72.64,14.01,9.52,0.39,45.11,12.5,61.1,53.1
Pune,Summer,21.72,52.21,8.07,2.7,0.786,23.94,8.9,62.5,52.8
Mumbai,Post-Monsoon,98.53,174.87,36.59,6.61,0.802,64.26,30.8,40.9,113.6
Bengaluru,Monsoon,18.0,48.27,6.41,5.61,0.441,41.71,31.9,100.0,44.1
Kolkata,Summer,34.76,85.16,29.47,0.78,0.593,37.03,44.5,31.9,68.6
Hyderabad,Winter,40.02,74.36,6.64,1.12,3.367,71.33,29.3,34.0,82.9
Ahmedabad,Monsoon,1.0,5.0,24.54,18.17,0.474,50.74,34.6,86.3,16.3
Mumbai,Monsoon,43.57,90.93,34.37,2.74,0.299,62.92,26.4,74.3,77.4
Hyderabad,Summer,7.84,24.79,6.17,2.17,0.279,25.47,30.4,39.5,16.9
Ahmedabad,Summer,129.84,277.1,1.55,7.03,0.612,14.88,41.3,72.1,118.2
Hyderabad,Post-Monsoon,6.44,21.12,3.51,14.64,1.425,52.68,11.0,89.4,21.1
Bengaluru,Post-Monsoon,21.42,42.27,23.28,0.64,0.231,42.03,31.3,59.4,47.7
Delhi,Monsoon,3.57,16.82,47.34,8.6,1.235,65.66,45.1,100.0,28.9
Mumbai,Winter,230.72,401.99,1.15,1.27,0.1,48.0,30.3,25.5,173.1
Chennai,Post-Monsoon,27.9,72.99,33.12,0.5,0.543,55.13,41.2,73.9,61.5
Kolkata,Winter,36.19,88.55,10.44,0.54,1.496,9.42,23.0,83.3,68.9
Chennai,Summer,2.78,12.23,16.28,17.97,0.414,97.21,27.7,77.8,15.6
Mumbai,Summer,55.45,137.05,66.08,1.26,0.83,45.89,28.3,55.9,324.5
Ahmedabad,Post-Monsoon,9.42,40.62,10.09,0.5,0.229,67.44,10.3,54.2,26.7
Mumbai,Monsoon,91.33,231.02,15.65,5.76,1.355,29.1,18.7,68.9,110.8
Mumbai,Summer,9.18,25.72,1.0,18.58,0.1,57.7,19.2,76.3,34.7
Bengaluru,Winter,8.46,28.98,2.13,3.04,1.914,17.43,34.6,72.0,16.9
Pune,Monsoon,1.49,17.42,7.48,5.48,0.221,61.3,35.0,80.8,14.1
Kolkata,Post-Monsoon,25.55,54.35,1.0,0.5,2.075,41.1,30.6,39.6,310.0
Delhi,Summer,33.28,92.04,24.95,5.96,0.435,50.73,34.6,55.4,71.8
Delhi,Post-Monsoon,2.72,23.75,13.9,8.62,1.283,67.45,26.7,41.2,20.7
Hyderabad,Monsoon,59.76,140.43,19.86,8.46,0.385,19.19,37.6,52.3,93.6
Delhi,Monsoon,24.15,57.49,4.8,4.04,2.364,32.89,28.1,80.3,55.1
Kolkata,Monsoon,29.73,64.95,8.77,3.79,0.135,61.43,28.5,62.2,65.1
Hyderabad,Winter,23.25,58.9,27.25,1.13,0.197,102.46,25.9,100.0,51.8
Hyderabad,Monsoon,20.48,63.65,84.03,4.57,0.679,46.55,33.5,63.9,55.6
Ahmedabad,Monsoon,32.81,91.67,1.29,1.05,0.1,64.78,24.6,61.2,63.0
Pune,Summer,6.75,22.37,55.27,14.55,0.218,47.33,35.8,62.1,34.1
Chennai,Winter,8.03,16.74,21.5,33.89,2.878,98.56,18.9,47.2,31.5
Ahmedabad,Winter,79.16,144.4,20.75,35.09,3.75,6.32,19.2,58.8,107.6
Pune,Post-Monsoon,116.84,275.92,17.34,20.03,0.472,52.37,33.5,82.6,113.5
Pune,Monsoon,18.69,52.18,1.8,9.18,2.568,9.36,27.3,62.3,30.7
Pune,Summer,12.63,31.42,2.35,12.07,0.787,5.0,24.4,44.1,30.4
Mumbai,Post-Monsoon,41.31,85.21,22.96,3.36,0.314,57.44,35.1,41.5,78.3
Ahmedabad,Monsoon,21.02,61.77,10.42,9.96,1.212,53.49,23.1,51.0,47.1
Chennai,Winter,1.03,15.16,62.3,6.08,1.076,42.88,26.4,61.5,18.4
Bengaluru,Monsoon,6.79,23.56,13.05,6.58,4.521,47.35,39.2,83.9,16.2
Pune,Monsoon,50.35,120.87,3.87,14.18,0.308,127.46,40.3,33.2,90.4
Chennai,Summer,43.03,94.74,31.36,3.31,1.115,43.55,40.6,53.6,85.9
Bengaluru,Summer,1.1,14.8,8.68,3.83,0.1,62.75,25.7,62.9,20.9
Kolkata,Summer,10.04,25.63,18.64,25.86,0.121,33.77,37.8,23.3,37.1
Bengaluru,Post-Monsoon,10.51,32.89,29.92,0.58,0.1,57.38,20.4,43.3,32.2
Kolkata,Summer,44.58,114.92,57.63,6.65,7.525,44.04,20.7,46.4,86.3
Delhi,Post-Monsoon,1.0,13.26,39.28,24.4,1.621,39.74,9.2,44.1,21.1
Bengaluru,Monsoon,4.4,18.1,28.2,9.43,1.545,95.47,41.4,63.8,27.4
Kolkata,Post-Monsoon,64.36,116.19,28.46,7.91,0.713,79.43,21.1,56.8,107.0
Pune,Post-Monsoon,7.87,29.56,72.93,2.87,0.357,53.42,27.0,48.9,28.0
Mumbai,Summer,42.31,71.67,8.77,4.2,0.164,5.0,20.7,68.6,68.4
Bengaluru,Summer,10.88,20.97,1.0,19.11,0.335,40.97,33.6,94.5,30.5
Hyderabad,Winter,4.19,28.08,7.93,8.19,0.472,117.58,25.0,92.8,28.6
Kolkata,Post-Monsoon,11.14,44.68,6.14,7.23,1.412,44.23,17.6,21.5,36.9
Ahmedabad,Monsoon,51.24,85.49,27.11,1.05,0.776,77.58,31.5,71.5,95.9
Kolkata,Winter,77.43,160.69,25.11,0.5,0.1,86.05,16.5,56.4,110.3
Bengaluru,Winter,70.93,170.63,22.5,33.16,0.1,55.47,21.3,63.1,104.3
Kolkata,Winter,20.25,45.82,1.0,4.73,0.108,28.95,11.1,52.0,46.7
Chennai,Summer,44.12,102.13,32.62,9.24,0.528,5.0,16.6,62.4,81.7
Ahmedabad,Summer,9.18,29.32,9.77,0.83,2.706,67.1,29.4,63.0,31.5
Bengaluru,Summer,13.88,35.45,27.34,11.49,1.014,29.63,12.3,48.4,39.4
Mumbai,Monsoon,90.66,159.59,20.33,26.97,1.619,54.4,16.2,42.1,110.6
Chennai,Post-Monsoon,1.0,7.27,10.49,8.57,0.628,18.75,28.0,51.0,10.2
Ahmedabad,Winter,3.58,14.01,3.61,1.35,0.449,43.37,23.7,64.7,14.4
Hyderabad,Summer,9.32,28.81,2.48,8.72,0.115,50.84,43.9,72.0,29.5
Kolkata,Post-Monsoon,1.08,8.04,44.52,14.54,2.087,56.71,42.7,77.1,24.9
Kolkata,Winter,8.01,31.52,62.65,5.22,1.529,22.13,21.1,50.1,35.8
Delhi,Post-Monsoon,34.99,71.16,26.23,21.19,0.184,79.92,32.5,65.7,67.3
Ahmedabad,Winter,21.89,56.25,2.73,10.46,0.718,35.08,34.0,79.3,50.9
Kolkata,Post-Monsoon,89.27,163.19,12.86,22.95,0.668,8.14,23.2,83.3,97.6
Delhi,Summer,68.03,179.72,32.64,9.77,0.981,47.27,16.0,58.8,99.3
Delhi,Post-Monsoon,16.73,43.61,37.83,1.41,2.922,50.86,27.9,55.6,50.5
Bengaluru,Post-Monsoon,12.01,32.33,3.15,3.71,0.867,54.01,26.6,63.8,307.7
Kolkata,Winter,19.1,45.21,1.0,2.25,0.777,84.05,24.5,37.0,40.1
Chennai,Post-Monsoon,35.69,76.86,31.13,23.95,0.1,44.09,31.5,56.1,68.2
Hyderabad,Monsoon,12.48,33.48,11.02,14.29,0.1,47.01,22.0,74.9,33.7
Chennai,Winter,39.14,112.06,7.34,11.28,0.207,22.42,18.8,72.8,66.7
Chennai,Post-Monsoon,21.07,53.79,1.0,3.58,0.1,70.51,28.9,54.6,52.2
Kolkata,Monsoon,32.12,68.78,19.43,2.03,1.36,54.61,31.1,64.4,67.8
Pune,Winter,22.92,61.11,47.62,14.12,1.285,39.5,18.6,43.5,56.7
Mumbai,Summer,13.95,46.71,79.03,6.43,0.146,5.0,35.4,74.1,46.2
Delhi,Winter,118.61,257.21,20.85,2.56,1.808,86.11,13.8,58.4,114.7
Kolkata,Winter,57.69,124.49,18.06,9.59,0.168,19.31,23.4,54.5,103.3
Bengaluru,Post-Monsoon,6.04,33.37,2.22,0.5,0.358,35.22,25.9,52.8,24.7
Delhi,Monsoon,81.14,184.22,19.9,3.95,0.286,58.96,22.9,58.7,103.3
Hyderabad,Winter,26.73,43.28,11.95,6.32,0.466,20.09,23.5,51.0,56.7
Pune,Winter,89.98,202.24,23.36,1.6,0.294,12.66,43.0,73.2,106.4
Mumbai,Winter,64.35,133.01,12.31,41.77,0.671,5.0,21.2,52.1,94.9
Kolkata,Post-Monsoon,22.15,59.66,6.87,2.35,0.523,68.02,47.5,91.9,52.1
Hyderabad,Winter,1.0,18.86,2.49,1.4,4.31,36.37,31.5,89.3,12.1
Ahmedabad,Monsoon,12.52,29.44,9.46,2.28,0.1,123.18,28.7,42.2,40.5
Pune,Post-Monsoon,31.2,75.28,2.54,14.66,0.153,25.14,31.8,61.4,57.8
Chennai,Summer,40.15,92.98,4.87,5.54,0.1,26.96,48.0,47.0,68.0
Pune,Summer,11.93,37.27,109.23,8.33,0.983,35.87,20.1,53.5,56.9
Hyderabad,Post-Monsoon,6.0,32.45,14.68,0.5,0.1,56.08,19.0,100.0,34.4
Kolkata,Monsoon,72.06,154.71,18.98,0.5,1.811,38.24,22.0,53.8,303.6
Pune,Post-Monsoon,166.42,350.2,51.71,5.9,0.717,65.31,28.3,67.2,136.8
Kolkata,Post-Monsoon,29.84,77.06,135.48,16.96,0.749,25.54,14.2,70.8,66.8
Bengaluru,Post-Monsoon,7.53,24.46,21.85,21.65,0.825,15.46,28.2,40.0,23.8
Kolkata,Post-Monsoon,12.72,39.08,41.85,0.91,0.187,5.04,41.5,42.9,36.4
Hyderabad,Winter,1.0,11.9,9.9,7.73,0.22,5.0,29.2,35.9,10.0
Mumbai,Summer,98.28,228.9,9.12,24.44,0.384,37.05,25.7,42.3,109.2
Bengaluru,Monsoon,5.01,19.94,12.88,4.91,0.9,42.48,23.1,10.0,10.6
Mumbai,Winter,34.37,60.75,27.91,17.69,0.236,34.21,35.2,70.9,57.6
Pune,Summer,12.81,27.5,28.66,1.44,0.124,81.09,21.4,100.0,44.5
Chennai,Post-Monsoon,32.31,76.49,9.47,27.39,3.51,80.7,42.8,63.0,66.4
Ahmedabad,Summer,42.16,100.04,3.57,13.92,0.1,41.63,43.5,31.7,72.2
Hyderabad,Summer,70.82,170.41,25.02,28.36,1.623,5.15,30.1,47.1,93.0
Mumbai,Winter,9.25,29.77,3.43,11.29,1.551,35.83,27.9,50.8,29.6
Ahmedabad,Winter,1.0,10.62,21.6,4.52,0.353,35.0,36.2,39.6,19.1
Delhi,Monsoon,5.89,25.38,29.56,27.84,0.146,33.57,36.8,77.2,24.3
Kolkata,Post-Monsoon,92.11,163.45,30.15,3.22,0.157,32.56,21.6,76.2,105.9
Mumbai,Post-Monsoon,82.82,164.27,35.01,4.04,1.195,33.66,23.8,36.9,109.0
Bengaluru,Post-Monsoon,36.39,85.23,51.56,12.07,1.029,40.34,17.4,74.5,68.4
Hyderabad,Summer,36.7,66.65,17.33,14.5,1.527,34.11,31.3,90.5,74.3
Kolkata,Summer,43.75,82.21,32.76,26.51,2.772,55.21,33.3,98.1,84.9
Ahmedabad,Post-Monsoon,7.71,20.76,24.14,2.29,1.177,59.01,17.2,100.0,20.0
Hyderabad,Monsoon,98.33,225.7,5.16,15.99,0.169,27.23,24.4,42.0,105.5
Mumbai,Summer,21.7,78.97,1.0,13.41,0.279,81.78,17.2,100.0,51.5
Chennai,Monsoon,19.32,63.24,8.37,0.66,1.846,25.5,20.8,52.9,42.5
Bengaluru,Summer,29.27,65.95,14.63,4.9,0.235,9.55,32.4,48.2,54.5
Delhi,Winter,1.92,7.08,24.0,3.32,0.1,59.52,22.1,66.5,7.7
Hyderabad,Winter,7.27,27.95,47.42,3.63,1.215,29.56,25.6,48.4,32.8
Chennai,Post-Monsoon,53.58,135.21,5.46,40.71,0.515,58.03,15.0,68.0,89.7
Mumbai,Winter,3.46,18.34,3.35,10.29,2.526,5.0,29.5,33.6,1.7
Bengaluru,Summer,36.97,79.33,82.75,12.65,1.051,84.81,27.6,55.2,84.1
Kolkata,Summer,11.26,35.72,2.86,37.56,0.1,66.81,22.2,85.7,38.7
Ahmedabad,Winter,19.73,48.8,16.28,4.74,2.954,12.49,26.5,58.9,43.8
Mumbai,Winter,13.63,38.66,22.02,16.19,0.299,13.03,29.4,62.8,46.5
Pune,Winter,17.58,35.61,19.49,5.7,0.411,91.81,21.5,69.5,50.4
Delhi,Post-Monsoon,50.78,94.39,2.25,20.37,0.515,31.57,16.2,83.4,87.9
Delhi,Winter,14.1,32.01,1.47,1.99,0.1,29.15,42.4,26.9,35.0
Kolkata,Summer,33.43,72.2,2.79,29.5,0.686,5.0,22.9,71.7,58.4
Bengaluru,Winter,25.85,64.39,22.02,2.47,0.132,41.23,27.2,54.6,54.0
Mumbai,Post-Monsoon,43.59,78.27,19.65,3.95,0.512,44.31,36.1,63.3,78.3
Mumbai,Post-Monsoon,110.48,266.03,6.66,14.11,0.432,67.89,48.0,81.2,116.8
Chennai,Summer,52.76,108.15,25.39,5.0,1.482,15.02,18.0,36.1,88.1
Pune,Summer,9.68,31.95,42.88,9.37,1.625,11.99,31.6,39.7,28.6
Ahmedabad,Winter,1.27,14.38,1.06,5.88,0.167,61.27,22.3,21.3,7.3
Bengaluru,Summer,12.17,42.73,17.24,13.56,0.457,75.17,23.7,49.0,50.0
Hyderabad,Monsoon,36.16,83.9,29.22,2.59,0.467,10.72,22.2,86.6,70.8
Ahmedabad,Summer,2.11,8.42,7.27,0.6,0.164,77.04,19.0,57.6,14.0
Pune,Monsoon,27.44,77.47,9.2,3.57,1.602,50.94,27.7,33.2,51.0
Ahmedabad,Monsoon,36.34,90.47,23.77,6.43,1.228,77.3,16.2,50.3,75.9
Mumbai,Summer,16.27,40.22,57.05,1.84,0.211,48.24,35.6,30.2,49.9
Bengaluru,Monsoon,58.95,141.14,41.51,4.38,0.457,5.0,28.4,37.5,101.2
Ahmedabad,Summer,4.51,16.74,21.87,5.11,0.112,46.2,31.4,67.8,14.0
Kolkata,Summer,3.12,14.72,32.75,0.59,0.989,76.5,24.3,36.5,21.4
Delhi,Post-Monsoon,52.11,99.99,11.35,8.75,0.129,27.66,25.1,82.3,87.3
Hyderabad,Monsoon,27.37,57.85,25.61,21.57,4.264,40.3,30.3,58.6,56.0
Chennai,Monsoon,46.64,107.69,15.69,1.65,1.517,45.6,18.7,61.7,87.9
Bengaluru,Winter,22.82,55.84,5.27,9.11,0.495,5.0,25.1,54.4,38.1
Bengaluru,Summer,11.32,28.37,30.24,10.93,0.864,91.78,21.1,75.5,44.1
Chennai,Post-Monsoon,68.39,156.19,20.32,5.44,2.423,27.47,20.9,75.7,105.1
Hyderabad,Post-Monsoon,64.26,154.5,11.1,12.08,0.808,62.64,11.1,66.7,302.8
Mumbai,Winter,47.46,87.19,60.57,5.29,0.192,47.83,38.7,71.3,89.4
Hyderabad,Monsoon,12.71,48.95,1.0,7.02,0.476,81.44,22.5,55.8,36.8
Hyderabad,Post-Monsoon,35.69,70.52,9.49,0.5,1.852,60.15,37.3,70.8,69.5
Delhi,Monsoon,17.91,43.44,1.46,11.77,1.033,44.13,36.6,53.2,41.3
Ahmedabad,Post-Monsoon,3.84,15.46,36.37,10.83,1.052,27.66,17.7,60.0,21.2
Kolkata,Post-Monsoon,99.71,260.05,30.28,0.5,2.016,69.95,19.3,54.5,125.1
Chennai,Summer,5.89,29.68,10.06,4.59,2.244,5.0,48.0,50.9,17.3
Mumbai,Monsoon,120.02,188.95,28.15,38.65,2.523,66.15,42.0,46.2,113.5
Bengaluru,Post-Monsoon,23.62,42.7,12.6,5.46,0.1,22.52,27.7,69.4,53.4
